Workbook

Sheet README
A1: Item | B1: Description
A2: Purpose | B2: Machine-readable correspondence tables between the TBIM (Topologic JSON), IFC, Honeybee (HB) and EnergyPlus (E+) used by the BIM-to-BEM workflow, plus the values actually present in each model. They extend Tables 7, 8 and 9 of the Appendix of the paper.
A3: Workflow analysed | B3: scripts/01_bim_to_bem.py, src/digitmanpy/Operation.py (classes Utils, HB, Eppy, TBIM). The tuning (scripts/02_bem_calibration.py) edits the IDF directly.
A4: Value sources | B4: TBIM: data/<building>/<building>_tbim_topologic.json (Cell / Face / Aperture dictionaries). IFC: *_tbim_ifc_design_transfer_view.ifc (spaces, element types, glazing psets) and *_tbim_ifc_reference_view.ifc (material properties). E+: models/*_bem_baseline.idf (baseline = direct output of the workflow) and models/*_bem_calibrated.idf (after manual calibration). Schedules: data/schedules/*.json.
A5: Author decisions (2026-10-16) | B5: Report the CALIBRATED model and replace Appendix values with model values, EXCEPT ventilation/infiltration (EN 16798 values already in the paper) and temperature setpoints (values cited in the paper: 20 / 15 °C heating, 26 °C cooling), both kept in Ref_Assumptions. Table 8 = every outer-envelope construction; Table 7 indexed by EnergyPlus zone; Table 9 reports the 23 B09 curtain-wall panels with their BIM glazing (VT 0.58).
A6: Sheet: Ref_Assumptions | B6: Reference ventilation/infiltration inputs (yellow, editable) used by T7, plus AHU-capacity checks.
A7: Sheet: T7_Zones / T7_Grouped | B7: Proposed Appendix Table 7: one row per E+ zone (calibrated IDF) and a condensed version grouping identical zones (for the manuscript).
A8: Sheet: T8_Envelope | B8: Proposed Appendix Table 8: every outer-envelope construction with layers and computed U (live formulas).
A9: Sheet: T9_Glazing | B9: Proposed Appendix Table 9: glazing constructions with U/SHGC/VT, BIM glass/frame data and areas.
A10: Sheet: Map_Spaces | B10: Space / zone properties (Appendix Table 7). One row per property.
A11: Sheet: Map_Envelope | B11: Opaque constructions, materials, surfaces and boundary conditions (Appendix Table 8).
A12: Sheet: Map_Apertures | B12: Windows, doors, curtain walls, blinds (Appendix Table 9).
... A25: Generated | B25: 2026-10-16 from the files listed above (no values typed by hand except where a row says 'notebook constant' or 'HB default').

Sheet Ref_Assumptions
A1: Key | B1: Parameter | C1: Value | D1: Unit | E1: Source / note
A2: OA_per_person | B2: Outdoor air per person (occupied, ventilated zones) | C2: 10 | D2: L/s·person | E2: Value reported in the paper (Methods, EN 16798-1 Cat. II); author decision 2026-10-16. Repository IDF: 7 L/s·p.
A3: OA_per_area | B3: Outdoor air per floor area (building emissions) | C3: 0.6 | D3: L/s·m² | E3: Value reported in the paper (Methods); author decision 2026-10-16. Repository IDF: TBIM air-change rate written as L/s·m².
A4: OA_unoccupied | B4: Outdoor air when unoccupied / night | C4: 0 | D4: L/s | E4: Methods: night-time/unoccupied lower limit = 0 (infiltration only).
A5: Infiltration_ACH | B5: Infiltration (envelope) | C5: 0.3 | D5: h⁻¹ | E5: Methods: 0.3 ACH. Repository IDF: 0.0001 m³/s per m² exterior surface ('TightBuilding').
A6: AHU_cap_B09 | B6: AHU maximum airflow – Building 09 | C6: 7200 | D6: m³/h | E6: Methods.
A7: AHU_cap_B10 | B7: AHU maximum airflow – Building 10 | C7: 11000 | D7: m³/h | E7: Methods.
A8: Heating_SP_occupied | B8: Heating setpoint – occupied | C8: 20 | D8: °C | E8: Paper Table 7 (Space Temperature Winter Max, occupied heating setpoint); author decision 2026-10-16. Calibrated IDF: B09 18 °C, B10 22 °C.
A9: Heating_SP_setback | B9: Heating setpoint – night / weekend setback | C9: 15 | D9: °C | E9: Paper Table 7 (Space Temperature Winter Min). Calibrated IDF: B09 15 °C, B10 18 °C.
A10: Cooling_SP_occupied | B10: Cooling setpoint – occupied | C10: 26 | D10: °C | E10: Paper Table 7 (Space Temperature Summer Max). Calibrated IDF: B09 20 °C, B10 22 °C.
A12: Check | B12: Sum of design outdoor airflow – B09 | C12: =SUMIFS(T7_Zones!$U$2:$U$86,T7_Zones!$A$2:$A$86,"B09") | D12: m³/h | E12: Compare with AHU_cap_B09 (C6).
A13: Check | B13: Sum of design outdoor airflow – B10 | C13: =SUMIFS(T7_Zones!$U$2:$U$86,T7_Zones!$A$2:$A$86,"B10") | D13: m³/h | E13: Compare with AHU_cap_B10 (C7).
A14: Check | B14: Design airflow / AHU capacity – B09 | C14: =C12/C6 | D14: – | E14: > 1 means the AHU cap limits the outdoor air.
A15: Check | B15: Design airflow / AHU capacity – B10 | C15: =C13/C7 | D15: – | E15: > 1 means the AHU cap limits the outdoor air.

Sheet T7_Zones
A1: Building | B1: E+ zone | C1: Zone use (inferred from E+ loads) | D1: Floor area (m²) | E1: Occupancy density (person/m²) | F1: Design occupants (persons) | G1: Occupancy schedule | H1: Lighting power density (W/m²) | I1: Lighting schedule | J1: Equipment power density (W/m²) | K1: Equipment schedule | L1: Heating setpoint occupied (°C) – paper | M1: Heating setback (°C) – paper | N1: Cooling setpoint occupied (°C) – paper | O1: RH max – dehumidification (%) | P1: RH min – humidification (%) | Q1: HVAC availability (heating / cooling / ventilation) | R1: Mechanically ventilated | S1: OA per person (L/s·p) – reported | T1: OA per area (L/s·m²) – reported | U1: Design outdoor airflow (m³/h) | V1: Infiltration (h⁻¹) – reported | W1: OA per person in repository IDF (L/s·p) | X1: TBIM air-change rate written to IDF (h⁻¹) | Y1: Heating SP in calibrated IDF (occupied / otherwise, °C) | Z1: Cooling SP in calibrated IDF (°C)
A2: B09 | B2: debugZone0 | C2: Unconditioned (stairs, shafts, storage, parking) – cell not clustered | D2: 83.06 | E2: 0 | F2: =D2*E2 | G2: OccSch_Unoccupied | H2: 6 | I2: LghSch_Costant | J2: 2 | K2: EqpSch_Costant | L2: =IF(R2="Yes",Ref_Assumptions!$C$8,"–") | M2: =IF(R2="Yes",Ref_Assumptions!$C$9,"–") | N2: =IF(R2="Yes",Ref_Assumptions!$C$10,"–") | O2: 70 | P2: 40 | Q2: Off (AlwaysOff) | R2: No | S2: =IF(R2="Yes",Ref_Assumptions!$C$2,Ref_Assumptions!$C$4) | T2: =IF(R2="Yes",Ref_Assumptions!$C$3,Ref_Assumptions!$C$4) | U2: =(F2*S2+D2*T2)*3.6 | V2: =Ref_Assumptions!$C$5 | W2: 0 | X2: 0 | Y2: 18 / 15 | Z2: 20
A3: B09 | B3: debugZone1 | C3: Unconditioned (stairs, shafts, storage, parking) – cell not clustered | D3: 83.06 | E3: 0 | F3: =D3*E3 | G3: OccSch_Unoccupied | H3: 6 | I3: LghSch_Costant | J3: 2 | K3: EqpSch_Costant | L3: =IF(R3="Yes",Ref_Assumptions!$C$8,"–") | M3: =IF(R3="Yes",Ref_Assumptions!$C$9,"–") | N3: =IF(R3="Yes",Ref_Assumptions!$C$10,"–") | O3: 70 | P3: 40 | Q3: Off (AlwaysOff) | R3: No | S3: =IF(R3="Yes",Ref_Assumptions!$C$2,Ref_Assumptions!$C$4) | T3: =IF(R3="Yes",Ref_Assumptions!$C$3,Ref_Assumptions!$C$4) | U3: =(F3*S3+D3*T3)*3.6 | V3: =Ref_Assumptions!$C$5 | W3: 0 | X3: 0 | Y3: 18 / 15 | Z3: 20
A4: B09 | B4: debugZone10 | C4: Research laboratory – cell not clustered | D4: 37.39 | E4: 0.3 | F4: =D4*E4 | G4: OccSch_Unoccupied | H4: 6 | I4: LghSch_Costant | J4: 2 | K4: EqpSch_Costant | L4: =IF(R4="Yes",Ref_Assumptions!$C$8,"–") | M4: =IF(R4="Yes",Ref_Assumptions!$C$9,"–") | N4: =IF(R4="Yes",Ref_Assumptions!$C$10,"–") | O4: 70 | P4: 40 | Q4: Always on (calibrated AHU schedules = 1) | R4: Yes | S4: =IF(R4="Yes",Ref_Assumptions!$C$2,Ref_Assumptions!$C$4) | T4: =IF(R4="Yes",Ref_Assumptions!$C$3,Ref_Assumptions!$C$4) | U4: =(F4*S4+D4*T4)*3.6 | V4: =Ref_Assumptions!$C$5 | W4: 7 | X4: 1.76911 | Y4: 18 / 15 | Z4: 20
A5: B09 | B5: debugZone11 | C5: Conditioned service / circulation – cell not clustered | D5: 6.46 | E5: 0 | F5: =D5*E5 | G5: OccSch_Unoccupied | H5: 6 | I5: LghSch_Costant | J5: 2 | K5: EqpSch_Costant | L5: =IF(R5="Yes",Ref_Assumptions!$C$8,"–") | M5: =IF(R5="Yes",Ref_Assumptions!$C$9,"–") | N5: =IF(R5="Yes",Ref_Assumptions!$C$10,"–") | O5: 70 | P5: 40 | Q5: Always on (calibrated AHU schedules = 1) | R5: Yes | S5: =IF(R5="Yes",Ref_Assumptions!$C$2,Ref_Assumptions!$C$4) | T5: =IF(R5="Yes",Ref_Assumptions!$C$3,Ref_Assumptions!$C$4) | U5: =(F5*S5+D5*T5)*3.6 | V5: =Ref_Assumptions!$C$5 | W5: 0 | X5: 0 | Y5: 18 / 15 | Z5: 20
A6: B09 | B6: debugZone2 | C6: Unconditioned (stairs, shafts, storage, parking) – cell not clustered | D6: 73.89 | E6: 0 | F6: =D6*E6 | G6: OccSch_Unoccupied | H6: 6 | I6: LghSch_Costant | J6: 2 | K6: EqpSch_Costant | L6: =IF(R6="Yes",Ref_Assumptions!$C$8,"–") | M6: =IF(R6="Yes",Ref_Assumptions!$C$9,"–") | N6: =IF(R6="Yes",Ref_Assumptions!$C$10,"–") | O6: 70 | P6: 40 | Q6: Off (AlwaysOff) | R6: No | S6: =IF(R6="Yes",Ref_Assumptions!$C$2,Ref_Assumptions!$C$4) | T6: =IF(R6="Yes",Ref_Assumptions!$C$3,Ref_Assumptions!$C$4) | U6: =(F6*S6+D6*T6)*3.6 | V6: =Ref_Assumptions!$C$5 | W6: 0 | X6: 0 | Y6: 18 / 15 | Z6: 20
A7: B09 | B7: debugZone3 | C7: Unconditioned (stairs, shafts, storage, parking) – cell not clustered | D7: 31.04 | E7: 0 | F7: =D7*E7 | G7: OccSch_Unoccupied | H7: 6 | I7: LghSch_Costant | J7: 2 | K7: EqpSch_Costant | L7: =IF(R7="Yes",Ref_Assumptions!$C$8,"–") | M7: =IF(R7="Yes",Ref_Assumptions!$C$9,"–") | N7: =IF(R7="Yes",Ref_Assumptions!$C$10,"–") | O7: 70 | P7: 40 | Q7: Off (AlwaysOff) | R7: No | S7: =IF(R7="Yes",Ref_Assumptions!$C$2,Ref_Assumptions!$C$4) | T7: =IF(R7="Yes",Ref_Assumptions!$C$3,Ref_Assumptions!$C$4) | U7: =(F7*S7+D7*T7)*3.6 | V7: =Ref_Assumptions!$C$5 | W7: 0 | X7: 0 | Y7: 18 / 15 | Z7: 20
A8: B09 | B8: debugZone4 | C8: Research laboratory – cell not clustered | D8: 81.83 | E8: 0.3 | F8: =D8*E8 | G8: OccSch_Unoccupied | H8: 6 | I8: LghSch_Costant | J8: 2 | K8: EqpSch_Costant | L8: =IF(R8="Yes",Ref_Assumptions!$C$8,"–") | M8: =IF(R8="Yes",Ref_Assumptions!$C$9,"–") | N8: =IF(R8="Yes",Ref_Assumptions!$C$10,"–") | O8: 70 | P8: 40 | Q8: Always on (calibrated AHU schedules = 1) | R8: Yes | S8: =IF(R8="Yes",Ref_Assumptions!$C$2,Ref_Assumptions!$C$4) | T8: =IF(R8="Yes",Ref_Assumptions!$C$3,Ref_Assumptions!$C$4) | U8: =(F8*S8+D8*T8)*3.6 | V8: =Ref_Assumptions!$C$5 | W8: 7 | X8: 1.66298 | Y8: 18 / 15 | Z8: 20
A9: B09 | B9: debugZone5 | C9: Research laboratory – cell not clustered | D9: 82.54 | E9: 0.3 | F9: =D9*E9 | G9: OccSch_Unoccupied | H9: 6 | I9: LghSch_Costant | J9: 2 | K9: EqpSch_Costant | L9: =IF(R9="Yes",Ref_Assumptions!$C$8,"–") | M9: =IF(R9="Yes",Ref_Assumptions!$C$9,"–") | N9: =IF(R9="Yes",Ref_Assumptions!$C$10,"–") | O9: 70 | P9: 40 | Q9: Always on (calibrated AHU schedules = 1) | R9: Yes | S9: =IF(R9="Yes",Ref_Assumptions!$C$2,Ref_Assumptions!$C$4) | T9: =IF(R9="Yes",Ref_Assumptions!$C$3,Ref_Assumptions!$C$4) | U9: =(F9*S9+D9*T9)*3.6 | V9: =Ref_Assumptions!$C$5 | W9: 7 | X9: 1.48361 | Y9: 18 / 15 | Z9: 20
A10: B09 | B10: debugZone6 | C10: Research laboratory – cell not clustered | D10: 61 | E10: 0.3 | F10: =D10*E10 | G10: OccSch_Unoccupied | H10: 6 | I10: LghSch_Costant | J10: 2 | K10: EqpSch_Costant | L10: =IF(R10="Yes",Ref_Assumptions!$C$8,"–") | M10: =IF(R10="Yes",Ref_Assumptions!$C$9,"–") | N10: =IF(R10="Yes",Ref_Assumptions!$C$10,"–") | O10: 70 | P10: 40 | Q10: Always on (calibrated AHU schedules = 1) | R10: Yes | S10: =IF(R10="Yes",Ref_Assumptions!$C$2,Ref_Assumptions!$C$4) | T10: =IF(R10="Yes",Ref_Assumptions!$C$3,Ref_Assumptions!$C$4) | U10: =(F10*S10+D10*T10)*3.6 | V10: =Ref_Assumptions!$C$5 | W10: 7 | X10: 1.86004 | Y10: 18 / 15 | Z10: 20
A11: B09 | B11: debugZone7 | C11: Research laboratory – cell not clustered | D11: 43.26 | E11: 0.3 | F11: =D11*E11 | G11: OccSch_Unoccupied | H11: 6 | I11: LghSch_Costant | J11: 2 | K11: EqpSch_Costant | L11: =IF(R11="Yes",Ref_Assumptions!$C$8,"–") | M11: =IF(R11="Yes",Ref_Assumptions!$C$9,"–") | N11: =IF(R11="Yes",Ref_Assumptions!$C$10,"–") | O11: 70 | P11: 40 | Q11: Always on (calibrated AHU schedules = 1) | R11: Yes | S11: =IF(R11="Yes",Ref_Assumptions!$C$2,Ref_Assumptions!$C$4) | T11: =IF(R11="Yes",Ref_Assumptions!$C$3,Ref_Assumptions!$C$4) | U11: =(F11*S11+D11*T11)*3.6 | V11: =Ref_Assumptions!$C$5 | W11: 7 | X11: 1.80586 | Y11: 18 / 15 | Z11: 20
A12: B09 | B12: debugZone8 | C12: Research laboratory – cell not clustered | D12: 46.56 | E12: 0.3 | F12: =D12*E12 | G12: OccSch_Unoccupied | H12: 6 | I12: LghSch_Costant | J12: 2 | K12: EqpSch_Costant | L12: =IF(R12="Yes",Ref_Assumptions!$C$8,"–") | M12: =IF(R12="Yes",Ref_Assumptions!$C$9,"–") | N12: =IF(R12="Yes",Ref_Assumptions!$C$10,"–") | O12: 70 | P12: 40 | Q12: Always on (calibrated AHU schedules = 1) | R12: Yes | S12: =IF(R12="Yes",Ref_Assumptions!$C$2,Ref_Assumptions!$C$4) | T12: =IF(R12="Yes",Ref_Assumptions!$C$3,Ref_Assumptions!$C$4) | U12: =(F12*S12+D12*T12)*3.6 | V12: =Ref_Assumptions!$C$5 | W12: 7 | X12: 1.77924 | Y12: 18 / 15 | Z12: 20
A13: B09 | B13: debugZone9 | C13: Research laboratory – cell not clustered | D13: 47.26 | E13: 0.3 | F13: =D13*E13 | G13: OccSch_Unoccupied | H13: 6 | I13: LghSch_Costant | J13: 2 | K13: EqpSch_Costant | L13: =IF(R13="Yes",Ref_Assumptions!$C$8,"–") | M13: =IF(R13="Yes",Ref_Assumptions!$C$9,"–") | N13: =IF(R13="Yes",Ref_Assumptions!$C$10,"–") | O13: 70 | P13: 40 | Q13: Always on (calibrated AHU schedules = 1) | R13: Yes | S13: =IF(R13="Yes",Ref_Assumptions!$C$2,Ref_Assumptions!$C$4) | T13: =IF(R13="Yes",Ref_Assumptions!$C$3,Ref_Assumptions!$C$4) | U13: =(F13*S13+D13*T13)*3.6 | V13: =Ref_Assumptions!$C$5 | W13: 7 | X13: 1.75182 | Y13: 18 / 15 | Z13: 20
... A86: B10 | B86: zone19 | C86: Lecture hall / study room | D86: 539.86 | E86: 0.6 | F86: =D86*E86 | G86: OccSch_A0.1/A0.2 | H86: 6 | I86: LghSch_A0.1/A0.2 | J86: 10 | K86: EqpSch_A0.1/A0.2 | L86: =IF(R86="Yes",Ref_Assumptions!$C$8,"–") | M86: =IF(R86="Yes",Ref_Assumptions!$C$9,"–") | N86: =IF(R86="Yes",Ref_Assumptions!$C$10,"–") | O86: 70 | P86: 40 | Q86: Always on (calibrated AHU schedules = 1) | R86: Yes | S86: =IF(R86="Yes",Ref_Assumptions!$C$2,Ref_Assumptions!$C$4) | T86: =IF(R86="Yes",Ref_Assumptions!$C$3,Ref_Assumptions!$C$4) | U86: =(F86*S86+D86*T86)*3.6 | V86: =Ref_Assumptions!$C$5 | W86: 7 | X86: 1.56475 | Y86: 22 / 18 | Z86: 22

Sheet T7_Grouped
A1: Building | B1: Zone use | C1: N zones | D1: E+ zones | E1: Floor area (m²) | F1: Design occupants | G1: Occupancy density (person/m²) | H1: Occupancy schedule | I1: LPD (W/m²) | J1: Lighting schedule | K1: EPD (W/m²) | L1: Equipment schedule | M1: Heating SP occupied / setback (°C) | N1: Cooling SP (°C) | O1: RH max / min (%) | P1: Mech. ventilated | Q1: OA per person (L/s·p) | R1: OA per area (L/s·m²) | S1: Design OA (m³/h) | T1: Infiltration (h⁻¹)
A2: B09 | B2: Unconditioned (stairs, shafts, storage, parking) – cell not clustered | C2: 4 | D2: debugZone0, debugZone1, debugZone2, debugZone3 | E2: =SUMPRODUCT(ISNUMBER(SEARCH(", "&T7_Zones!$B$2:$B$86&",",", "&D2&","))*(T7_Zones!$A$2:$A$86=A2)*T7_Zones!$D$2:$D$86) | F2: =SUMPRODUCT(ISNUMBER(SEARCH(", "&T7_Zones!$B$2:$B$86&",",", "&D2&","))*(T7_Zones!$A$2:$A$86=A2)*T7_Zones!$F$2:$F$86) | G2: 0 | H2: OccSch_Unoccupied | I2: 6 | J2: LghSch_Costant | K2: 2 | L2: EqpSch_Costant | M2: =IF(P2="Yes",Ref_Assumptions!$C$8&" / "&Ref_Assumptions!$C$9,"–") | N2: =IF(P2="Yes",Ref_Assumptions!$C$10,"–") | O2: 70 / 40 | P2: No | Q2: =IF(P2="Yes",Ref_Assumptions!$C$2,Ref_Assumptions!$C$4) | R2: =IF(P2="Yes",Ref_Assumptions!$C$3,Ref_Assumptions!$C$4) | S2: =SUMPRODUCT(ISNUMBER(SEARCH(", "&T7_Zones!$B$2:$B$86&",",", "&D2&","))*(T7_Zones!$A$2:$A$86=A2)*T7_Zones!$U$2:$U$86) | T2: =Ref_Assumptions!$C$5
A3: B09 | B3: Research laboratory – cell not clustered | C3: 7 | D3: debugZone10, debugZone4, debugZone5, debugZone6, debugZone7, debugZone8, debugZone9 | E3: =SUMPRODUCT(ISNUMBER(SEARCH(", "&T7_Zones!$B$2:$B$86&",",", "&D3&","))*(T7_Zones!$A$2:$A$86=A3)*T7_Zones!$D$2:$D$86) | F3: =SUMPRODUCT(ISNUMBER(SEARCH(", "&T7_Zones!$B$2:$B$86&",",", "&D3&","))*(T7_Zones!$A$2:$A$86=A3)*T7_Zones!$F$2:$F$86) | G3: 0.3 | H3: OccSch_Unoccupied | I3: 6 | J3: LghSch_Costant | K3: 2 | L3: EqpSch_Costant | M3: =IF(P3="Yes",Ref_Assumptions!$C$8&" / "&Ref_Assumptions!$C$9,"–") | N3: =IF(P3="Yes",Ref_Assumptions!$C$10,"–") | O3: 70 / 40 | P3: Yes | Q3: =IF(P3="Yes",Ref_Assumptions!$C$2,Ref_Assumptions!$C$4) | R3: =IF(P3="Yes",Ref_Assumptions!$C$3,Ref_Assumptions!$C$4) | S3: =SUMPRODUCT(ISNUMBER(SEARCH(", "&T7_Zones!$B$2:$B$86&",",", "&D3&","))*(T7_Zones!$A$2:$A$86=A3)*T7_Zones!$U$2:$U$86) | T3: =Ref_Assumptions!$C$5
A4: B09 | B4: Conditioned service / circulation – cell not clustered | C4: 1 | D4: debugZone11 | E4: =SUMPRODUCT(ISNUMBER(SEARCH(", "&T7_Zones!$B$2:$B$86&",",", "&D4&","))*(T7_Zones!$A$2:$A$86=A4)*T7_Zones!$D$2:$D$86) | F4: =SUMPRODUCT(ISNUMBER(SEARCH(", "&T7_Zones!$B$2:$B$86&",",", "&D4&","))*(T7_Zones!$A$2:$A$86=A4)*T7_Zones!$F$2:$F$86) | G4: 0 | H4: OccSch_Unoccupied | I4: 6 | J4: LghSch_Costant | K4: 2 | L4: EqpSch_Costant | M4: =IF(P4="Yes",Ref_Assumptions!$C$8&" / "&Ref_Assumptions!$C$9,"–") | N4: =IF(P4="Yes",Ref_Assumptions!$C$10,"–") | O4: 70 / 40 | P4: Yes | Q4: =IF(P4="Yes",Ref_Assumptions!$C$2,Ref_Assumptions!$C$4) | R4: =IF(P4="Yes",Ref_Assumptions!$C$3,Ref_Assumptions!$C$4) | S4: =SUMPRODUCT(ISNUMBER(SEARCH(", "&T7_Zones!$B$2:$B$86&",",", "&D4&","))*(T7_Zones!$A$2:$A$86=A4)*T7_Zones!$U$2:$U$86) | T4: =Ref_Assumptions!$C$5
A5: B09 | B5: Unconditioned (stairs, shafts, storage, parking) | C5: 1 | D5: zone00 | E5: =SUMPRODUCT(ISNUMBER(SEARCH(", "&T7_Zones!$B$2:$B$86&",",", "&D5&","))*(T7_Zones!$A$2:$A$86=A5)*T7_Zones!$D$2:$D$86) | F5: =SUMPRODUCT(ISNUMBER(SEARCH(", "&T7_Zones!$B$2:$B$86&",",", "&D5&","))*(T7_Zones!$A$2:$A$86=A5)*T7_Zones!$F$2:$F$86) | G5: 0 | H5: OccSch_Unoccupied | I5: 0 | J5: LghSch_Unoccupied | K5: 0 | L5: EqpSch_Unoccupied | M5: =IF(P5="Yes",Ref_Assumptions!$C$8&" / "&Ref_Assumptions!$C$9,"–") | N5: =IF(P5="Yes",Ref_Assumptions!$C$10,"–") | O5: 100 / 0 | P5: No | Q5: =IF(P5="Yes",Ref_Assumptions!$C$2,Ref_Assumptions!$C$4) | R5: =IF(P5="Yes",Ref_Assumptions!$C$3,Ref_Assumptions!$C$4) | S5: =SUMPRODUCT(ISNUMBER(SEARCH(", "&T7_Zones!$B$2:$B$86&",",", "&D5&","))*(T7_Zones!$A$2:$A$86=A5)*T7_Zones!$U$2:$U$86) | T5: =Ref_Assumptions!$C$5
A6: B09 | B6: Unconditioned (stairs, shafts, storage, parking) | C6: 1 | D6: zone01 | E6: =SUMPRODUCT(ISNUMBER(SEARCH(", "&T7_Zones!$B$2:$B$86&",",", "&D6&","))*(T7_Zones!$A$2:$A$86=A6)*T7_Zones!$D$2:$D$86) | F6: =SUMPRODUCT(ISNUMBER(SEARCH(", "&T7_Zones!$B$2:$B$86&",",", "&D6&","))*(T7_Zones!$A$2:$A$86=A6)*T7_Zones!$F$2:$F$86) | G6: 0 | H6: OccSch_Unoccupied | I6: 6 | J6: LghSch_Costant | K6: 2 | L6: EqpSch_Costant | M6: =IF(P6="Yes",Ref_Assumptions!$C$8&" / "&Ref_Assumptions!$C$9,"–") | N6: =IF(P6="Yes",Ref_Assumptions!$C$10,"–") | O6: 70 / 40 | P6: No | Q6: =IF(P6="Yes",Ref_Assumptions!$C$2,Ref_Assumptions!$C$4) | R6: =IF(P6="Yes",Ref_Assumptions!$C$3,Ref_Assumptions!$C$4) | S6: =SUMPRODUCT(ISNUMBER(SEARCH(", "&T7_Zones!$B$2:$B$86&",",", "&D6&","))*(T7_Zones!$A$2:$A$86=A6)*T7_Zones!$U$2:$U$86) | T6: =Ref_Assumptions!$C$5
A7: B09 | B7: Conditioned service / circulation | C7: 5 | D7: zone02, zone05, zone12-0, zone12-2, zone29 | E7: =SUMPRODUCT(ISNUMBER(SEARCH(", "&T7_Zones!$B$2:$B$86&",",", "&D7&","))*(T7_Zones!$A$2:$A$86=A7)*T7_Zones!$D$2:$D$86) | F7: =SUMPRODUCT(ISNUMBER(SEARCH(", "&T7_Zones!$B$2:$B$86&",",", "&D7&","))*(T7_Zones!$A$2:$A$86=A7)*T7_Zones!$F$2:$F$86) | G7: 0 | H7: OccSch_Unoccupied | I7: 6 | J7: LghSch_Costant | K7: 2 | L7: EqpSch_Costant | M7: =IF(P7="Yes",Ref_Assumptions!$C$8&" / "&Ref_Assumptions!$C$9,"–") | N7: =IF(P7="Yes",Ref_Assumptions!$C$10,"–") | O7: 70 / 40 | P7: Yes | Q7: =IF(P7="Yes",Ref_Assumptions!$C$2,Ref_Assumptions!$C$4) | R7: =IF(P7="Yes",Ref_Assumptions!$C$3,Ref_Assumptions!$C$4) | S7: =SUMPRODUCT(ISNUMBER(SEARCH(", "&T7_Zones!$B$2:$B$86&",",", "&D7&","))*(T7_Zones!$A$2:$A$86=A7)*T7_Zones!$U$2:$U$86) | T7: =Ref_Assumptions!$C$5
A8: B09 | B8: Unconditioned (stairs, shafts, storage, parking) | C8: 6 | D8: zone03, zone04, zone10, zone12-1, zone13, zone14 | E8: =SUMPRODUCT(ISNUMBER(SEARCH(", "&T7_Zones!$B$2:$B$86&",",", "&D8&","))*(T7_Zones!$A$2:$A$86=A8)*T7_Zones!$D$2:$D$86) | F8: =SUMPRODUCT(ISNUMBER(SEARCH(", "&T7_Zones!$B$2:$B$86&",",", "&D8&","))*(T7_Zones!$A$2:$A$86=A8)*T7_Zones!$F$2:$F$86) | G8: 0 | H8: OccSch_Unoccupied | I8: 6 | J8: AlwaysOff | K8: 0 | L8: AlwaysOff | M8: =IF(P8="Yes",Ref_Assumptions!$C$8&" / "&Ref_Assumptions!$C$9,"–") | N8: =IF(P8="Yes",Ref_Assumptions!$C$10,"–") | O8: 70 / 40 | P8: No | Q8: =IF(P8="Yes",Ref_Assumptions!$C$2,Ref_Assumptions!$C$4) | R8: =IF(P8="Yes",Ref_Assumptions!$C$3,Ref_Assumptions!$C$4) | S8: =SUMPRODUCT(ISNUMBER(SEARCH(", "&T7_Zones!$B$2:$B$86&",",", "&D8&","))*(T7_Zones!$A$2:$A$86=A8)*T7_Zones!$U$2:$U$86) | T8: =Ref_Assumptions!$C$5
A9: B09 | B9: Conditioned service / circulation | C9: 1 | D9: zone06 | E9: =SUMPRODUCT(ISNUMBER(SEARCH(", "&T7_Zones!$B$2:$B$86&",",", "&D9&","))*(T7_Zones!$A$2:$A$86=A9)*T7_Zones!$D$2:$D$86) | F9: =SUMPRODUCT(ISNUMBER(SEARCH(", "&T7_Zones!$B$2:$B$86&",",", "&D9&","))*(T7_Zones!$A$2:$A$86=A9)*T7_Zones!$F$2:$F$86) | G9: 0 | H9: OccSch_Unoccupied | I9: 6 | J9: AlwaysOff | K9: 0 | L9: AlwaysOff | M9: =IF(P9="Yes",Ref_Assumptions!$C$8&" / "&Ref_Assumptions!$C$9,"–") | N9: =IF(P9="Yes",Ref_Assumptions!$C$10,"–") | O9: 70 / 40 | P9: Yes | Q9: =IF(P9="Yes",Ref_Assumptions!$C$2,Ref_Assumptions!$C$4) | R9: =IF(P9="Yes",Ref_Assumptions!$C$3,Ref_Assumptions!$C$4) | S9: =SUMPRODUCT(ISNUMBER(SEARCH(", "&T7_Zones!$B$2:$B$86&",",", "&D9&","))*(T7_Zones!$A$2:$A$86=A9)*T7_Zones!$U$2:$U$86) | T9: =Ref_Assumptions!$C$5
A10: B09 | B10: Unconditioned (stairs, shafts, storage, parking) | C10: 1 | D10: zone07 | E10: =SUMPRODUCT(ISNUMBER(SEARCH(", "&T7_Zones!$B$2:$B$86&",",", "&D10&","))*(T7_Zones!$A$2:$A$86=A10)*T7_Zones!$D$2:$D$86) | F10: =SUMPRODUCT(ISNUMBER(SEARCH(", "&T7_Zones!$B$2:$B$86&",",", "&D10&","))*(T7_Zones!$A$2:$A$86=A10)*T7_Zones!$F$2:$F$86) | G10: 0 | H10: OccSch_Unoccupied | I10: 6 | J10: AlwaysOff | K10: 2 | L10: AlwaysOff | M10: =IF(P10="Yes",Ref_Assumptions!$C$8&" / "&Ref_Assumptions!$C$9,"–") | N10: =IF(P10="Yes",Ref_Assumptions!$C$10,"–") | O10: 70 / 40 | P10: No | Q10: =IF(P10="Yes",Ref_Assumptions!$C$2,Ref_Assumptions!$C$4) | R10: =IF(P10="Yes",Ref_Assumptions!$C$3,Ref_Assumptions!$C$4) | S10: =SUMPRODUCT(ISNUMBER(SEARCH(", "&T7_Zones!$B$2:$B$86&",",", "&D10&","))*(T7_Zones!$A$2:$A$86=A10)*T7_Zones!$U$2:$U$86) | T10: =Ref_Assumptions!$C$5
A11: B09 | B11: Conditioned service / circulation | C11: 1 | D11: zone08 | E11: =SUMPRODUCT(ISNUMBER(SEARCH(", "&T7_Zones!$B$2:$B$86&",",", "&D11&","))*(T7_Zones!$A$2:$A$86=A11)*T7_Zones!$D$2:$D$86) | F11: =SUMPRODUCT(ISNUMBER(SEARCH(", "&T7_Zones!$B$2:$B$86&",",", "&D11&","))*(T7_Zones!$A$2:$A$86=A11)*T7_Zones!$F$2:$F$86) | G11: 0 | H11: OccSch_Unoccupied | I11: 6 | J11: AlwaysOff | K11: 2 | L11: AlwaysOff | M11: =IF(P11="Yes",Ref_Assumptions!$C$8&" / "&Ref_Assumptions!$C$9,"–") | N11: =IF(P11="Yes",Ref_Assumptions!$C$10,"–") | O11: 70 / 40 | P11: Yes | Q11: =IF(P11="Yes",Ref_Assumptions!$C$2,Ref_Assumptions!$C$4) | R11: =IF(P11="Yes",Ref_Assumptions!$C$3,Ref_Assumptions!$C$4) | S11: =SUMPRODUCT(ISNUMBER(SEARCH(", "&T7_Zones!$B$2:$B$86&",",", "&D11&","))*(T7_Zones!$A$2:$A$86=A11)*T7_Zones!$U$2:$U$86) | T11: =Ref_Assumptions!$C$5
A12: B09 | B12: Lecture hall / study room | C12: 2 | D12: zone09, zone30 | E12: =SUMPRODUCT(ISNUMBER(SEARCH(", "&T7_Zones!$B$2:$B$86&",",", "&D12&","))*(T7_Zones!$A$2:$A$86=A12)*T7_Zones!$D$2:$D$86) | F12: =SUMPRODUCT(ISNUMBER(SEARCH(", "&T7_Zones!$B$2:$B$86&",",", "&D12&","))*(T7_Zones!$A$2:$A$86=A12)*T7_Zones!$F$2:$F$86) | G12: 0.6 | H12: OccSch_Unoccupied | I12: 6 | J12: LghSch_Costant | K12: 2 | L12: EqpSch_Costant | M12: =IF(P12="Yes",Ref_Assumptions!$C$8&" / "&Ref_Assumptions!$C$9,"–") | N12: =IF(P12="Yes",Ref_Assumptions!$C$10,"–") | O12: 70 / 40 | P12: Yes | Q12: =IF(P12="Yes",Ref_Assumptions!$C$2,Ref_Assumptions!$C$4) | R12: =IF(P12="Yes",Ref_Assumptions!$C$3,Ref_Assumptions!$C$4) | S12: =SUMPRODUCT(ISNUMBER(SEARCH(", "&T7_Zones!$B$2:$B$86&",",", "&D12&","))*(T7_Zones!$A$2:$A$86=A12)*T7_Zones!$U$2:$U$86) | T12: =Ref_Assumptions!$C$5
A13: B09 | B13: Office | C13: 1 | D13: zone11 | E13: =SUMPRODUCT(ISNUMBER(SEARCH(", "&T7_Zones!$B$2:$B$86&",",", "&D13&","))*(T7_Zones!$A$2:$A$86=A13)*T7_Zones!$D$2:$D$86) | F13: =SUMPRODUCT(ISNUMBER(SEARCH(", "&T7_Zones!$B$2:$B$86&",",", "&D13&","))*(T7_Zones!$A$2:$A$86=A13)*T7_Zones!$F$2:$F$86) | G13: 0.12 | H13: OccSch_Unoccupied | I13: 7 | J13: LghSch_Costant | K13: 2 | L13: EqpSch_Costant | M13: =IF(P13="Yes",Ref_Assumptions!$C$8&" / "&Ref_Assumptions!$C$9,"–") | N13: =IF(P13="Yes",Ref_Assumptions!$C$10,"–") | O13: 70 / 40 | P13: Yes | Q13: =IF(P13="Yes",Ref_Assumptions!$C$2,Ref_Assumptions!$C$4) | R13: =IF(P13="Yes",Ref_Assumptions!$C$3,Ref_Assumptions!$C$4) | S13: =SUMPRODUCT(ISNUMBER(SEARCH(", "&T7_Zones!$B$2:$B$86&",",", "&D13&","))*(T7_Zones!$A$2:$A$86=A13)*T7_Zones!$U$2:$U$86) | T13: =Ref_Assumptions!$C$5
... A26: B10 | B26: Lecture hall / study room | C26: 4 | D26: zone15, zone16, zone18, zone19 | E26: =SUMPRODUCT(ISNUMBER(SEARCH(", "&T7_Zones!$B$2:$B$86&",",", "&D26&","))*(T7_Zones!$A$2:$A$86=A26)*T7_Zones!$D$2:$D$86) | F26: =SUMPRODUCT(ISNUMBER(SEARCH(", "&T7_Zones!$B$2:$B$86&",",", "&D26&","))*(T7_Zones!$A$2:$A$86=A26)*T7_Zones!$F$2:$F$86) | G26: 0.6 | H26: OccSch_<room> (lecture timetable) | I26: 6 | J26: LghSch_<room> (lecture timetable) | K26: 10 | L26: EqpSch_<room> (lecture timetable) | M26: =IF(P26="Yes",Ref_Assumptions!$C$8&" / "&Ref_Assumptions!$C$9,"–") | N26: =IF(P26="Yes",Ref_Assumptions!$C$10,"–") | O26: 70 / 40 | P26: Yes | Q26: =IF(P26="Yes",Ref_Assumptions!$C$2,Ref_Assumptions!$C$4) | R26: =IF(P26="Yes",Ref_Assumptions!$C$3,Ref_Assumptions!$C$4) | S26: =SUMPRODUCT(ISNUMBER(SEARCH(", "&T7_Zones!$B$2:$B$86&",",", "&D26&","))*(T7_Zones!$A$2:$A$86=A26)*T7_Zones!$U$2:$U$86) | T26: =Ref_Assumptions!$C$5

Sheet T8_Envelope
A1: Construction | B1: Envelope role | C1: Include in paper | D1: Source | E1: N layers | F1: Layers outside → inside: material, thickness (λ W/m·K; ρ kg/m³; c J/kg·K) | G1: Layer data from | H1: Total thickness (m) | I1: R layers (m²K/W) | J1: Rsi (m²K/W) | K1: Rse (m²K/W) | L1: U (W/m²K) | M1: B09 net opaque area (m²) | N1: B09 N surfaces | O1: B10 net opaque area (m²) | P1: B10 N surfaces
A2: WL_POLIMI-LC_EW01 | B2: External wall | C2: Yes | D2: IFC IfcMaterialLayerSet | E2: 8 | F2: Pannello in alluminio 0.5 cm (λ 220; ρ 2700; c 896) | Camera d'aria fortemente ventilata 3.5 cm (λ 0.285; ρ 1; c 1004) | Isolante rigido 6 cm (λ 0.04; ρ 30; c 1452) | Membrana impermeabilizzante 0.5 cm (λ 0.23; ρ 1100; c 1000) | Camera d'aria debolmente ventilata 20 cm (λ 1; ρ 1; c 1004) | Isolante morbido 6.5 cm (λ 0.04; ρ 80; c 1028) | Gypsum Board 2.5 cm (λ 0.21; ρ 900; c 1000) | Intonaco interno 1 cm (λ 0.35; ρ 1200; c 999) | G2: B09 | H2: =SUMIFS(Val_Layers!$F$2:$F$220,Val_Layers!$A$2:$A$220,G2,Val_Layers!$B$2:$B$220,A2) | I2: =SUMIFS(Val_Layers!$N$2:$N$220,Val_Layers!$A$2:$A$220,G2,Val_Layers!$B$2:$B$220,A2) | J2: 0.13 | K2: 0.04 | L2: =1/(J2+I2+K2) | M2: 89.5 | N2: 3 | O2: 98.6 | P2: 3
A3: WL_POLIMI-LC_EW02 | B3: External wall | C3: Yes | D3: IFC IfcMaterialLayerSet; also fallback for unmatched exterior faces | E3: 8 | F3: Pannello in alluminio 0.5 cm (λ 220; ρ 2700; c 896) | Camera d'aria fortemente ventilata 3.5 cm (λ 0.285; ρ 1; c 1004) | Isolante rigido 10 cm (λ 0.04; ρ 30; c 1452) | Membrana impermeabilizzante 0.5 cm (λ 0.23; ρ 1100; c 1000) | Camera d'aria debolmente ventilata 26 cm (λ 1; ρ 1; c 1004) | Isolante morbido 6.5 cm (λ 0.04; ρ 80; c 1028) | Gypsum Board 2.5 cm (λ 0.21; ρ 900; c 1000) | Intonaco interno 1 cm (λ 0.35; ρ 1200; c 999) | G3: B09 | H3: =SUMIFS(Val_Layers!$F$2:$F$220,Val_Layers!$A$2:$A$220,G3,Val_Layers!$B$2:$B$220,A3) | I3: =SUMIFS(Val_Layers!$N$2:$N$220,Val_Layers!$A$2:$A$220,G3,Val_Layers!$B$2:$B$220,A3) | J3: 0.13 | K3: 0.04 | L3: =1/(J3+I3+K3) | M3: 2427.6 | N3: 156 | O3: 531.9 | P3: 33
A4: WL_POLIMI-LC_EW03 | B4: External wall | C4: Yes | D4: IFC IfcMaterialLayerSet | E4: 9 | F4: Pannello in alluminio 0.5 cm (λ 220; ρ 2700; c 896) | Camera d'aria fortemente ventilata 3.5 cm (λ 0.285; ρ 1; c 1004) | Isolante rigido 10 cm (λ 0.04; ρ 30; c 1452) | Membrana impermeabilizzante 0.5 cm (λ 0.23; ρ 1100; c 1000) | Camera d'aria debolmente ventilata 26.5 cm (λ 1; ρ 1; c 1004) | CLS 42.5 cm (λ 1.046; ρ 2300; c 657) | Isolante morbido 6.5 cm (λ 0.04; ρ 80; c 1028) | Gypsum Board 2.5 cm (λ 0.21; ρ 900; c 1000) | Intonaco interno 1 cm (λ 0.35; ρ 1200; c 999) | G4: B09 | H4: =SUMIFS(Val_Layers!$F$2:$F$220,Val_Layers!$A$2:$A$220,G4,Val_Layers!$B$2:$B$220,A4) | I4: =SUMIFS(Val_Layers!$N$2:$N$220,Val_Layers!$A$2:$A$220,G4,Val_Layers!$B$2:$B$220,A4) | J4: 0.13 | K4: 0.04 | L4: =1/(J4+I4+K4) | M4: 179.4 | N4: 13 | O4: 214 | P4: 8
A5: WL_POLIMI-LC_EW04 | B5: External wall | C5: Yes | D5: IFC IfcMaterialLayerSet | E5: 7 | F5: Pannello in alluminio 0.5 cm (λ 220; ρ 2700; c 896) | Camera d'aria fortemente ventilata 3.5 cm (λ 0.285; ρ 1; c 1004) | Isolante rigido 10 cm (λ 0.04; ρ 30; c 1452) | Membrana impermeabilizzante 0.5 cm (λ 0.23; ρ 1100; c 1000) | Camera d'aria debolmente ventilata 26.5 cm (λ 1; ρ 1; c 1004) | CLS 42.5 cm (λ 1.046; ρ 2300; c 657) | Intonaco interno 1 cm (λ 0.35; ρ 1200; c 999) | G5: B09 | H5: =SUMIFS(Val_Layers!$F$2:$F$220,Val_Layers!$A$2:$A$220,G5,Val_Layers!$B$2:$B$220,A5) | I5: =SUMIFS(Val_Layers!$N$2:$N$220,Val_Layers!$A$2:$A$220,G5,Val_Layers!$B$2:$B$220,A5) | J5: 0.13 | K5: 0.04 | L5: =1/(J5+I5+K5) | M5: 250.3 | N5: 11 | O5: 12.3 | P5: 1
A6: WL_POLIMI-LC_EW05 | B6: External wall | C6: Yes | D6: IFC IfcMaterialLayerSet | E6: 9 | F6: Pannello in alluminio 0.5 cm (λ 220; ρ 2700; c 896) | Camera d'aria fortemente ventilata 3.5 cm (λ 0.285; ρ 1; c 1004) | Isolante rigido 10 cm (λ 0.04; ρ 30; c 1452) | Membrana impermeabilizzante 0.5 cm (λ 0.23; ρ 1100; c 1000) | Camera d'aria debolmente ventilata 26.5 cm (λ 1; ρ 1; c 1004) | Camera d'aria fortemente ventilata 42.5 cm (λ 0.285; ρ 1; c 1004) | Isolante morbido 6.5 cm (λ 0.04; ρ 80; c 1028) | Gypsum Board 2.5 cm (λ 0.21; ρ 900; c 1000) | Intonaco interno 1 cm (λ 0.35; ρ 1200; c 999) | G6: B09 | H6: =SUMIFS(Val_Layers!$F$2:$F$220,Val_Layers!$A$2:$A$220,G6,Val_Layers!$B$2:$B$220,A6) | I6: =SUMIFS(Val_Layers!$N$2:$N$220,Val_Layers!$A$2:$A$220,G6,Val_Layers!$B$2:$B$220,A6) | J6: 0.13 | K6: 0.04 | L6: =1/(J6+I6+K6) | M6: 493.4 | N6: 34 | O6: 108 | P6: 2
A7: WL_POLIMI-LC_FC300 | B7: External wall | C7: Yes | D7: IFC IfcMaterialLayerSet | E7: 3 | F7: Intonaco interno 1.5 cm (λ 0.35; ρ 1200; c 999) | Calcestruzzo- gettato in opera 26 cm (λ 1.046; ρ 2300; c 657) | Intonaco interno 1.5 cm (λ 0.35; ρ 1200; c 999) | G7: B10 | H7: =SUMIFS(Val_Layers!$F$2:$F$220,Val_Layers!$A$2:$A$220,G7,Val_Layers!$B$2:$B$220,A7) | I7: =SUMIFS(Val_Layers!$N$2:$N$220,Val_Layers!$A$2:$A$220,G7,Val_Layers!$B$2:$B$220,A7) | J7: 0.13 | K7: 0.04 | L7: =1/(J7+I7+K7) | M7: 0 | N7: 0 | O7: 190.2 | P7: 15
A8: WL_POLIMI-LC_FC300-2 | B8: External wall | C8: Yes | D8: IFC IfcMaterialLayerSet | E8: 5 | F8: Intonaco interno 1.5 cm (λ 0.35; ρ 1200; c 999) | Calcestruzzo- gettato in opera 26 cm (λ 1.046; ρ 2300; c 657) | Isolante morbido 6.5 cm (λ 0.04; ρ 80; c 1028) | Gypsum Board 2.5 cm (λ 0.21; ρ 900; c 1000) | Intonaco interno 1 cm (λ 0.35; ρ 1200; c 999) | G8: B09 | H8: =SUMIFS(Val_Layers!$F$2:$F$220,Val_Layers!$A$2:$A$220,G8,Val_Layers!$B$2:$B$220,A8) | I8: =SUMIFS(Val_Layers!$N$2:$N$220,Val_Layers!$A$2:$A$220,G8,Val_Layers!$B$2:$B$220,A8) | J8: 0.13 | K8: 0.04 | L8: =1/(J8+I8+K8) | M8: 1131.6 | N8: 48 | O8: 0 | P8: 0
A9: WL_POLIMI-LC_FC300-3 | B9: External wall | C9: Yes | D9: IFC IfcMaterialLayerSet | E9: 8 | F9: Intonaco interno 1.5 cm (λ 0.35; ρ 1200; c 999) | Gypsum Board 2.5 cm (λ 0.21; ρ 900; c 1000) | Isolante morbido 10 cm (λ 0.04; ρ 80; c 1028) | Camera d'aria debolmente ventilata 15 cm (λ 1; ρ 1; c 1004) | Calcestruzzo- gettato in opera 26 cm (λ 1.046; ρ 2300; c 657) | Isolante morbido 6.5 cm (λ 0.04; ρ 80; c 1028) | Gypsum Board 2.5 cm (λ 0.21; ρ 900; c 1000) | Intonaco interno 1 cm (λ 0.35; ρ 1200; c 999) | G9: B09 | H9: =SUMIFS(Val_Layers!$F$2:$F$220,Val_Layers!$A$2:$A$220,G9,Val_Layers!$B$2:$B$220,A9) | I9: =SUMIFS(Val_Layers!$N$2:$N$220,Val_Layers!$A$2:$A$220,G9,Val_Layers!$B$2:$B$220,A9) | J9: 0.13 | K9: 0.04 | L9: =1/(J9+I9+K9) | M9: 4.8 | N9: 1 | O9: 0 | P9: 0
A10: RF_POLIMI-LC_IH-E | B10: Roof | C10: Yes | D10: Notebook (manual layers) | E10: 4 | F10: Ghiaia 8 cm (λ 1.2; ρ 1700; c 1000) | Massetto 12 cm (λ 1.2; ρ 1700; c 1000) | Isolante rigido 8 cm (λ 0.04; ρ 30; c 1452) | CLS 25 cm (λ 1.046; ρ 2300; c 657) | G10: B09 | H10: =SUMIFS(Val_Layers!$F$2:$F$220,Val_Layers!$A$2:$A$220,G10,Val_Layers!$B$2:$B$220,A10) | I10: =SUMIFS(Val_Layers!$N$2:$N$220,Val_Layers!$A$2:$A$220,G10,Val_Layers!$B$2:$B$220,A10) | J10: 0.1 | K10: 0.04 | L10: =1/(J10+I10+K10) | M10: 4003 | N10: 52 | O10: 1590.2 | P10: 17
A11: FL_POLIMI-LC_GroundFloor | B11: Ground floor | C11: Yes | D11: IFC IfcMaterialLayerSet | E11: 7 | F11: Pavimento industriale 6 cm (λ 1.046; ρ 2300; c 657) | Massetto 8 cm (λ 1.2; ρ 1700; c 1000) | Isolante rigido 6 cm (λ 0.04; ρ 30; c 1452) | CLS 5 cm (λ 1.046; ρ 2300; c 657) | Camera d'aria fortemente ventilata 35 cm (λ 0.285; ρ 1; c 1004) | Magrone 10 cm (λ 1.046; ρ 2300; c 657) | Ghiaia 20 cm (λ 1.2; ρ 1700; c 1000) | G11: B09 | H11: =SUMIFS(Val_Layers!$F$2:$F$220,Val_Layers!$A$2:$A$220,G11,Val_Layers!$B$2:$B$220,A11) | I11: =SUMIFS(Val_Layers!$N$2:$N$220,Val_Layers!$A$2:$A$220,G11,Val_Layers!$B$2:$B$220,A11) | J11: 0.17 | K11: 0 | L11: =1/(J11+I11+K11) | M11: 2621.2 | N11: 46 | O11: 196.9 | P11: 15
A12: Generic Ground Slab | B12: Ground floor | C12: Yes | D12: HB default (no BIM match) | E12: 2 | F12: Generic 50mm Insulation 5 cm (λ 0.03; ρ 43; c 1210) | Generic HW Concrete 20 cm (λ 1.95; ρ 2240; c 900) | G12: B09 | H12: =SUMIFS(Val_Layers!$F$2:$F$220,Val_Layers!$A$2:$A$220,G12,Val_Layers!$B$2:$B$220,A12) | I12: =SUMIFS(Val_Layers!$N$2:$N$220,Val_Layers!$A$2:$A$220,G12,Val_Layers!$B$2:$B$220,A12) | J12: 0.17 | K12: 0 | L12: =1/(J12+I12+K12) | M12: 1381.7 | N12: 1 | O12: 0 | P12: 0
A13: FL_POLIMI-LC_InternalFloor_IH-E | B13: Floor over outdoor/unheated | C13: Yes | D13: IFC IfcMaterialLayerSet | E13: 5 | F13: Linoleum 1 cm (λ 0.041; ρ 50; c 2301) | Massetto 15 cm (λ 1.2; ρ 1700; c 1000) | Isolante rigido 10 cm (λ 0.04; ρ 30; c 1452) | Solaio laterocemento 15 cm (λ 0.66; ρ 1100; c 839) | Intonaco interno 2 cm (λ 0.35; ρ 1200; c 999) | G13: B10 | H13: =SUMIFS(Val_Layers!$F$2:$F$220,Val_Layers!$A$2:$A$220,G13,Val_Layers!$B$2:$B$220,A13) | I13: =SUMIFS(Val_Layers!$N$2:$N$220,Val_Layers!$A$2:$A$220,G13,Val_Layers!$B$2:$B$220,A13) | J13: 0.17 | K13: 0.04 | L13: =1/(J13+I13+K13) | M13: 0 | N13: 0 | O13: 1393.3 | P13: 13
... A19: WL_POLIMI-LC_IW06_Toilet | B19: Internal partition exposed to outdoors (adjacent cell excluded from BEM) | C19: No | D19: IFC IfcMaterialLayerSet | E19: 5 | F19: Camera d'aria non ventilata 6.5 cm (λ 1; ρ 1; c 1003) | Isolante morbido 4 cm (λ 0.04; ρ 80; c 1028) | Gypsum Board 2.5 cm (λ 0.21; ρ 900; c 1000) | Intonaco gesso puro 1 cm (λ 0.35; ρ 1200; c 999) | Piastrelle 1.5 cm (λ 1.3; ρ 2300; c 839) | G19: B09 | H19: =SUMIFS(Val_Layers!$F$2:$F$220,Val_Layers!$A$2:$A$220,G19,Val_Layers!$B$2:$B$220,A19) | I19: =SUMIFS(Val_Layers!$N$2:$N$220,Val_Layers!$A$2:$A$220,G19,Val_Layers!$B$2:$B$220,A19) | J19: 0.13 | K19: 0.13 | L19: =1/(J19+I19+K19) | M19: 295.6 | N19: 21 | O19: 85.2 | P19: 4

Sheet T9_Glazing
A1: Construction | B1: Element | C1: E+ model | D1: U (W/m²K) | E1: SHGC | F1: VT | G1: Glass layers (BIM) | H1: Glass U (BIM, W/m²K) | I1: Frame material (BIM) | J1: Frame U (BIM, W/m²K) | K1: Glazing area fraction (BIM) | L1: Glazed fraction in BEM | M1: B09 N surfaces | N1: B09 area (m²) | O1: B09 with ext. blind | P1: B10 N surfaces | Q1: B10 area (m²) | R1: B10 with ext. blind | S1: Note
A2: windowConstruction_U0.9_SHGC0.67_VT0.8 | B2: Window / glazed door (IfcWindow, IfcDoor) | C2: WindowMaterial:SimpleGlazingSystem | D2: 0.9 | E2: 0.67 | F2: 0.8 | G2: Double | H2: 1.1 | I2: Aluminium | J2: 0.7 | K2: 0.8 | L2: geometry of the aperture | M2: 1 | N2: 3.8 | O2: 0 | P2: 2 | Q2: 23 | R2: 1
A3: curtainWallWindowConstruction_U0.9_SHGC0.67_VT0.8 | B3: Curtain wall (IfcWall CurtainWall / CurtainWall150) | C3: WindowMaterial:SimpleGlazingSystem | D3: 0.9 | E3: 0.67 | F3: 0.8 | G3: Double | H3: 1.1 | I3: Aluminium | J3: 0.7 | K3: 0.8 | L3: 0.81 (face scaled 0.9 × 0.9) | M3: 31 | N3: 1061 | O3: 11 | P3: 12 | Q3: 611.3 | R3: 1
A4: windowConstruction_U0.9_SHGC0.67_VT0.58 | B4: Window / glazed door (IfcWindow, IfcDoor) | C4: WindowMaterial:SimpleGlazingSystem | D4: 0.9 | E4: 0.67 | F4: 0.58 | G4: Double | H4: 1.1 | I4: Aluminium | J4: 0.7 | K4: 0.8 | L4: geometry of the aperture | M4: 0 | N4: 0 | O4: 0 | P4: 2 | Q4: 7.6 | R4: 0
A5: curtainWallWindowConstruction_U0.9_SHGC0.67_VT0.58 | B5: Curtain wall (IfcWall CurtainWall / CurtainWall150) | C5: WindowMaterial:SimpleGlazingSystem | D5: 0.9 | E5: 0.67 | F5: 0.58 | G5: Double | H5: 1.1 | I5: Aluminium | J5: 0.7 | K5: 0.8 | L5: 0.81 (face scaled 0.9 × 0.9) | M5: 23 | N5: 841.5 | O5: 0 | P5: 9 | Q5: 478.8 | R5: 2 | S5: B09: 23 curtain-wall panels (841.5 m²) have BIM VT 0.58 but kept HB 'Generic Double Pane' in the IDF; reported here with their BIM glazing properties (author decision, table only).

Sheet Map_Spaces
A1: ID | B1: Paper table | C1: Paper property name | D1: Topologic entity | E1: Topologic key | F1: IFC entity | G1: IFC pset | H1: IFC property | I1: Read by workflow from | J1: BIM unit | K1: Cell → zone aggregation | L1: Honeybee object | M1: Honeybee attribute | N1: EnergyPlus object | O1: EnergyPlus field | P1: E+ unit | Q1: Conversion BIM → E+ | R1: Default if missing / 'Undefined' | S1: In IDF? | T1: Implementation | U1: Value B09 (BIM) | V1: Value B10 (BIM) | W1: Value in IDF – baseline | X1: Value in IDF – calibrated | Y1: Notes
A2: S01 | B2: T7 | C2: Occupancy Type | D2: Cell | E2: pr_OccupancyType | F2: IfcSpace | G2: Altro (B09) / Other (B10) | H2: pr_OccupancyType | I2: Topologic JSON | J2: text | K2: Prevalent: type of the cell with the largest occupant count (density × area) | L2: Room | M2: properties.energy.program_type (fixed: honeybee_energy office_program, not mapped) | N2: People / Lights / ElectricEquipment / ZoneInfiltration:DesignFlowRate | O2: Name (prefix 'Generic Office …' inherited from HB office program) | P2: – | Q2: none | R2: 'StorageSpaces:GeneralStorageSpace' (cell, B09 nb); 'FacilityServiceSpaces:Corridor' if zone type contains 'Default' (B09 nb) | S2: No | T2: Utils.TopologicZoneInheritSpaceData (Operation.py:4); TBIM.Cells_ClusterizeIntoEnergyZones | U2: FacilityServiceSpaces:HorizontalInfrastructure/ServiceSpaceNon-Occupied (×56); EducationandTrainingSpaces:Research/Non-ClassClassLaboratory (×23); EducationandTrainingSpaces:LectureHall(FixedSeats) (×19); FacilityServiceSpaces:UtilityEquipmentRoom (×13); FacilityServiceSpaces:ElevatorShaft (×12); FacilityServiceSpaces:Restroom (×12); FacilityServiceSpaces:Stairway (×9); FacilityServiceSpaces:Corridor (×8); StorageSpaces:GeneralStorageSpace (×1); EducationandTrainingSpaces:StudyRoom (×1); CommerceActivitySpaces:OfficeSpaces (×1) | V2: FacilityServiceSpaces:Corridor (×8); FacilityServiceSpaces:HorizontalInfrastructure/ServiceSpaceNon-Occupied (×8); FacilityServiceSpaces:Restroom (×7); FacilityServiceSpaces:Stairway (×5); FacilityServiceSpaces:ElevatorShaft (×5); EducationandTrainingSpaces:LectureHall(FixedSeats) (×4); ParkingSpaces:InteriorParkingSpaces (×3); FacilityServiceSpaces:UtilityEquipmentRoom (×3); StorageSpaces:GeneralStorageSpace (×3); ServiceActivitySpaces:SnackBar (×1); EducationandTrainingSpaces:Research/Non-ClassClassLaboratory (×1); ProtectiveSpaces:EntryPorch (×1) | W2: not written | X2: not written | Y2: Used only to build zones: single-cell zones for lecture halls, labs, storage; stairs/elevators merged with adjacent corridor; horizontal infrastructure merged with corridor/stair/restroom.
A3: S02 | B3: T7 | C3: Is Occupied | D3: Cell | E3: pr_IsOccupied | F3: IfcSpace | G3: Altro (B09) / Other (B10) | H3: pr_IsOccupied | I3: Topologic JSON | J3: bool (0/1) | K3: Logical OR | L3: – | M3: – | N3: – | O3: – | P3: – | Q3: none | R3: 0 | S3: No | T3: TBIM.Cells_ClusterizeIntoEnergyZones (K-Means feature) | U3: 0 / 1 | V3: 0 / 1 | W3: – | X3: – | Y3: K-Means feature (standardised).
A4: S03 | B4: T7 | C4: Is Heated | D4: Cell | E4: pr_IsHeated | F4: IfcSpace | G4: Altro (B09) / Other (B10) | H4: pr_IsHeated | I4: Topologic JSON | J4: bool (0/1) | K4: Logical OR | L4: – | M4: – | N4: – | O4: – | P4: – | Q4: none | R4: 0 | S4: No | T4: TBIM.Cells_ClusterizeIntoEnergyZones (K-Means feature) | U4: 0 / 1 | V4: 0 / 1 | W4: – | X4: – | Y4: Heating availability in E+ comes from rl_IsScheduledBy_Heating (S29), not from this flag.
A5: S04 | B5: T7 | C5: Is Cooled | D5: Cell | E5: pr_IsCooled | F5: IfcSpace | G5: Altro (B09) / Other (B10) | H5: pr_IsCooled | I5: Topologic JSON | J5: bool (0/1) | K5: Logical OR | L5: – | M5: – | N5: – | O5: – | P5: – | Q5: none | R5: 0 | S5: No | T5: TBIM.Cells_ClusterizeIntoEnergyZones (K-Means feature) | U5: 0 / 1 | V5: 0 / 1 | W5: – | X5: – | Y5: Cooling availability in E+ comes from rl_IsScheduledBy_Cooling (S30).
A6: S05 | B6: T7 | C6: Is Mechanically Ventilated | D6: Cell | E6: pr_IsMechanicallyVentilated | F6: IfcSpace | G6: Altro (B09) / Other (B10) | H6: pr_IsMechanicallyVentilated | I6: Topologic JSON | J6: bool (0/1) | K6: Logical OR (stored on zone) | L6: – | M6: – | N6: – | O6: – | P6: – | Q6: none | R6: – | S6: No | T6: Utils.TopologicZoneInheritSpaceData (Operation.py:4) | U6: 0 / 1 | V6: 0 / 1 | W6: – | X6: – | Y6: TBIM also contains a duplicate key 'pr_IsMechanicalVentilated'.
A7: S06 | B7: T7 | C7: Is Naturally Ventilated | D7: Cell | E7: pr_IsNaturallyVentilated | F7: IfcSpace | G7: Altro (B09) / Other (B10) | H7: pr_IsNaturallyVentilated | I7: not read | J7: bool (0/1) | K7: – | L7: – | M7: – | N7: – | O7: – | P7: – | Q7: – | R7: – | S7: No | T7: – | U7: 0 | V7: 0 / 1 | W7: – | X7: – | Y7: No natural-ventilation object (ZoneVentilation) is generated.
A8: S07 | B8: T7 | C8: Artificial Lighting | D8: Cell | E8: pr_ArtificialLighting | F8: IfcSpace | G8: Altro (B09) / Other (B10) | H8: pr_ArtificialLighting | I8: not read | J8: bool (0/1) | K8: – | L8: – | M8: – | N8: – | O8: – | P8: – | Q8: – | R8: – | S8: No | T8: – | U8: 1 | V8: 1 | W8: – | X8: –
A9: S08 | B9: T7 | C9: Illuminance | D9: Cell | E9: pr_Illuminance | F9: IfcSpace | G9: Altro (B09) / Other (B10) | H9: pr_Illuminance | I9: not read | J9: lux | K9: – | L9: – | M9: – | N9: Lights | O9: Lighting_Level (= Design Level, W) hard-coded 300 | P9: W | Q9: none | R9: – | S9: No | T9: TopologicCellComplexToIDF (scripts/01_bim_to_bem.py) | U9: 150 / 200 / 300 / 500; Undefined (×12) | V9: 150 / 200 / 300 / 500; Undefined (×7) | W9: 300 written in Lighting_Level but ignored (method = Watts/Area) | X9: same | Y9: The 300 is not lux: in E+ 'Lighting Level' is a power in W and is unused when Design Level Calculation Method = Watts/Area.
A10: S09 | B10: T7 | C10: Lighting Power Density | D10: Cell | E10: pr_LightingPowerDensity | F10: IfcSpace | G10: Altro (B09) / Other (B10) | H10: pr_LightingPowerDensity | I10: Topologic JSON | J10: W/m² | K10: Area-weighted mean | L10: Room → Lighting (from office program, then overwritten in IDF) | M10: properties.energy.lighting.watts_per_area | N10: Lights | O10: Watts_per_Floor_Area (Design Level Calculation Method = Watts/Area) | P10: W/m² | Q10: 1:1 | R10: 0 | S10: Yes | T10: TopologicCellComplexToIDF (scripts/01_bim_to_bem.py) | U10: 6 / 7 | V10: 6 | W10: B09: 0 / 6 / 7 | B10: 6 | X10: B09: 0 / 6 / 7 | B10: 6 | Y10: Return-air 0, radiant 0.7, visible 0.2 (HB office defaults).
A11: S10 | B11: T7 | C11: Lighting Level | D11: – | E11: (not in TBIM) | F11: – | G11: – | H11: – | I11: – | J11: W | K11: – | L11: – | M11: – | N11: Lights | O11: Design_Level | P11: W | Q11: – | R11: – | S11: No | T11: – | U11: – | V11: – | W11: computed internally by E+ (W/m² × floor area) | X11: same | Y11: Paper says 'Calculate from Power Density · Area'; this is done by E+, not by the workflow.
A12: S11 | B12: T7 | C12: Equipment Power Density | D12: Cell | E12: pr_EquipmentPowerDensity | F12: IfcSpace | G12: Altro (B09) / Other (B10) | H12: pr_EquipmentPowerDensity | I12: Topologic JSON | J12: W/m² | K12: Area-weighted mean | L12: Room → ElectricEquipment (office program, overwritten in IDF) | M12: properties.energy.electric_equipment.watts_per_area | N12: ElectricEquipment | O12: Watts_per_Floor_Area (method Watts/Area) | P12: W/m² | Q12: 1:1 | R12: 0 ('Undefined' → 0 in TBIM.Cells_CleanUndefinedData) | S12: Partial | T12: TopologicCellComplexToIDF (scripts/01_bim_to_bem.py) | U12: Undefined | V12: 0; Undefined (×46) | W12: B09: 0 | B10: 0 | X12: B09: 0 / 2 | B10: 0 / 2 / 10 | Y12: Undefined in the TBIM for every space → 0 W/m² in the baseline; 2 and 10 W/m² were typed manually during calibration.
A13: S12 | B13: T7 | C13: Occupancy Density Operation | D13: Cell | E13: pr_OccupancyDensityOperation | F13: IfcSpace | G13: Altro (B09) / Other (B10) | H13: pr_OccupancyDensityOperation | I13: Topologic JSON | J13: pp/m² | K13: Area-weighted mean | L13: Room → People (office program, overwritten in IDF) | M13: properties.energy.people.people_per_area | N13: People | O13: People_per_Floor_Area (Number of People Calculation Method = People/Area) | P13: person/m² | Q13: 1:1 | R13: 0 | S13: Yes | T13: TopologicCellComplexToIDF (scripts/01_bim_to_bem.py) | U13: 0 / 0.12 / 0.3 / 0.6; Undefined (×12) | V13: 0 / 0.3 / 0.6 / 0.8; Undefined (×10) | W13: B09: 0 / 0.12 / 0.3 / 0.6 | B10: 0 / 0.3 / 0.6 / 0.8 | X13: B09: 0 / 0.12 / 0.3 / 0.6 | B10: 0 / 0.3 / 0.6 / 0.8 | Y13: Activity schedule 'Seated Adult Activity', radiant fraction 0.3 (HB office defaults). Also a K-Means feature.
A14: S13 | B14: T7 | C14: Occupancy Density Safety | D14: Cell | E14: pr_OccupancyDensitySafety | F14: IfcSpace | G14: Altro (B09) / Other (B10) | H14: pr_OccupancyDensitySafety | I14: Topologic JSON | J14: pp/m² | K14: Area-weighted mean (stored on zone) | L14: – | M14: – | N14: – | O14: – | P14: – | Q14: none | R14: 0 | S14: No | T14: Utils.TopologicZoneInheritSpaceData (Operation.py:4) | U14: 0 / 0.4 / 1.2 | V14: 0 / 0.01 / 0.4 / 0.7 / 1.2 | W14: – | X14: – | Y14: Fire-safety design density; not an energy input.
A15: S14 | B15: T7 | C15: Occupancy Number | D15: Cell | E15: pr_OccupancyNumber / pr_OccupancyNumberPeak | F15: IfcSpace | G15: Altro (B09) / Other (B10) | H15: pr_OccupancyNumberPeak | I15: not read | J15: pp | K15: – | L15: – | M15: – | N15: – | O15: – | P15: – | Q15: – | R15: – | S15: No | T15: – | U15: 16–158 (10 distinct); None (×122) | V15: 49 / 126 / 162 / 180; None (×45) | W15: – | X15: – | Y15: Present only on some cells. Occupant count in E+ = People/Area × floor area × schedule.
A16: S15 | B16: T7 | C16: Mechanical Ventilation Rate | D16: Cell | E16: pr_MechanicalVentilationRate | F16: IfcSpace | G16: Altro (B09) / Other (B10) | H16: pr_MechanicalVentilationRate | I16: Topologic JSON | J16: h⁻¹ per paper; used as L/s·m² by code | K16: Code intends volume-weighted mean, but zone value = value of LAST cell iterated (Operation.py:170 writes pr_MechanicalVentilationRate, not pr_ZoneMechanicalVentilationRate) | L16: Room → Ventilation (office program, overwritten in IDF) | M16: properties.energy.ventilation.flow_per_area | N16: DesignSpecification:OutdoorAir | O16: Outdoor_Air_Flow_per_Zone_Floor_Area (Outdoor Air Method = Maximum) | P16: m³/s·m² | Q16: ÷ 1000 | R16: 0 | S16: Yes | T16: TopologicCellComplexToIDF (scripts/01_bim_to_bem.py) | U16: 0–1332.16 (60 distinct) | V16: 0–8 (9 distinct); Undefined (×3) | W16: B09: 0–0.008 (38 distinct) | B10: 0–0.008 (9 distinct) | X16: B09: 0–0.008 (38 distinct) | B10: 0–0.008 (9 distinct) | Y16: Stored value is an air-change rate (h⁻¹) = N_peak × 7 L/s·p × 3.6 / V_net, but the code writes it as L/s·m² (see I07). Restrooms: 8 h⁻¹ → 0.008 m³/s·m².
A17: S16 | B17: T7 | C17: Mechanical Ventilation Rate Per Person | D17: Cell | E17: pr_MechanicalVentilationRatePerPerson | F17: IfcSpace | G17: Altro (B09) / Other (B10) | H17: (only in TBIM JSON) | I17: Topologic JSON | J17: L/s·person | K17: Occupant-weighted mean | L17: Room → Ventilation | M17: properties.energy.ventilation.flow_per_person | N17: DesignSpecification:OutdoorAir | O17: Outdoor_Air_Flow_per_Person | P17: m³/s·person | Q17: ÷ 1000 | R17: 0 | S17: Yes | T17: TopologicCellComplexToIDF (scripts/01_bim_to_bem.py) | U17: 0 / 7 | V17: 0 / 7 | W17: B09: 0 / 0.007 | B10: 0 / 0.007 | X17: B09: 0 / 0.007 | B10: 0 / 0.007 | Y17: Referenced by HVACTemplate:Zone:IdealLoadsAirSystem (Outdoor Air Method = DetailedSpecification). 'Maximum' = max(per-person, per-area), not their sum.
A18: S17 | B18: T7 | C18: Mechanical Ventilation Rate Per Volume | D18: Cell | E18: pr_MechanicalVentilationRatePerVolume | F18: IfcSpace | G18: Altro (B09) / Other (B10) | H18: pr_MechanicalVentilationRatePerVolume | I18: Topologic JSON | J18: h⁻¹ | K18: – | L18: – | M18: – | N18: – | O18: – | P18: – | Q18: none | R18: 0 | S18: No | T18: TBIM.Cells_CleanUndefinedData only | U18: 0 / 1 / 8 | V18: 0 / 1 / 8 | W18: – | X18: – | Y18: For stairs/elevators/restrooms the same number is also stored in pr_MechanicalVentilationRate, which is what reaches E+.
A19: S18 | B19: T7 | C19: Natural Ventilation Rate | D19: – | E19: (not in TBIM) | F19: – | G19: – | H19: – | I19: notebook constant | J19: – | K19: – | L19: – | M19: – | N19: ZoneInfiltration:DesignFlowRate | O19: see Map_Model M16 | P19: – | Q19: – | R19: – | S19: No | T19: – | U19: – | V19: – | W19: – | X19: – | Y19: Paper reports 0.30 h⁻¹ 'baseline envelope infiltration'; the model uses 0.0001 m³/s per m² of exterior surface (see M16 / I09).
A20: S19 | B20: T7 | C20: Space Temperature Summer Max | D20: Cell | E20: pr_SpaceTemperatureSummerMax | F20: IfcSpace | G20: Altro (B09) / Other (B10) | H20: pr_SpaceTemperatureSummerMax | I20: Topologic JSON | J20: °C | K20: Minimum over cells (stored on zone) | L20: Room → Setpoint | M20: cooling_schedule = ScheduleRuleset.from_constant_value('Generic room Cooling', 26) – NOT from TBIM | N20: HVACTemplate:Thermostat → Schedule | O20: Cooling_Setpoint_Schedule_Name = 'Generic room Cooling' | P20: °C | Q20: none | R20: 26 (B09 nb) / 30 (TBIM.Cells_CleanUndefinedData) | S20: No | T20: HB.HBRoomSetSetpointSchedules (Operation.py:541) | U20: 26; Undefined (×21) | V20: 26; Undefined (×14) | W20: Schedule:Constant 26 °C (both buildings) | X20: Schedule:Compact 20 °C (B09) / 22 °C (B10), all day | Y20: TBIM temperature limits are not transferred; see Issues I04.
A21: S20 | B21: T7 | C21: Space Temperature Summer Min | D21: Cell | E21: pr_SpaceTemperatureSummerMin | F21: IfcSpace | G21: Altro (B09) / Other (B10) | H21: pr_SpaceTemperatureSummerMin | I21: Topologic JSON | J21: °C | K21: Minimum over cells (stored on zone) | L21: – | M21: – | N21: – | O21: – | P21: – | Q21: none | R21: 23 (B09 nb) / 28 (CleanUndefinedData) | S21: No | T21: Utils.TopologicZoneInheritSpaceData (Operation.py:4) | U21: 23; Undefined (×21) | V21: 23; Undefined (×14) | W21: – | X21: –
A22: S21 | B22: T7 | C22: Space Temperature Winter Max | D22: Cell | E22: pr_SpaceTemperatureWinterMax | F22: IfcSpace | G22: Altro (B09) / Other (B10) | H22: pr_SpaceTemperatureWinterMax | I22: Topologic JSON | J22: °C | K22: Maximum over cells (stored on zone) | L22: – | M22: – | N22: – | O22: – | P22: – | Q22: none | R22: 23.5 (B09 nb) / 16 (CleanUndefinedData) | S22: No | T22: Utils.TopologicZoneInheritSpaceData (Operation.py:4) | U22: 23.5; Undefined (×21) | V22: 23.5; Undefined (×14) | W22: – | X22: –
A23: S22 | B23: T7 | C23: Space Temperature Winter Min | D23: Cell | E23: pr_SpaceTemperatureWinterMin | F23: IfcSpace | G23: Altro (B09) / Other (B10) | H23: pr_SpaceTemperatureWinterMin | I23: Topologic JSON | J23: °C | K23: Maximum over cells (stored on zone) | L23: Room → Setpoint | M23: heating_schedule = constant 'Generic room Heating' 20 °C – NOT from TBIM | N23: HVACTemplate:Thermostat → Schedule | O23: Heating_Setpoint_Schedule_Name = 'Generic room Heating' | P23: °C | Q23: none | R23: 18 (B09 nb) / 10 (CleanUndefinedData) | S23: No | T23: HB.HBRoomSetSetpointSchedules | U23: 18; Undefined (×21) | V23: 18; Undefined (×14) | W23: Schedule:Constant 20 °C | X23: B09: 15 °C (0–7 h) / 18 °C (7–18 h) / 15 °C; B10: 18 / 22 / 18 °C | Y23: See Issues I04.
A24: S23 | B24: T7 | C24: Space Humidity Max | D24: Cell | E24: pr_HumidityMax | F24: IfcSpace | G24: Altro (B09) / Other (B10) | H24: pr_HumidityMax | I24: Topologic JSON | J24: % RH | K24: Minimum over cells | L24: Room → IdealAirSystem (add_default_ideal_air) | M24: – (written after export) | N24: HVACTemplate:Zone:IdealLoadsAirSystem | O24: Dehumidification_Setpoint (Dehumidification Control Type = Humidistat) | P24: % RH | Q24: 1:1 | R24: 100 (TBIM.Cells_CleanUndefinedData) | S24: Yes | T24: TopologicCellComplexToIDF (scripts/01_bim_to_bem.py) | U24: 70; Undefined (×12) | V24: 70; Undefined (×11) | W24: B09: 70 / 100 | B10: 70 / 100 | X24: B09: 70 / 100 | B10: 70 / 100 | Y24: HB also writes unused constant schedules 'Generic room Dehumidifying' 60 % / 'Generic room Humidifying' 10 %.
A25: S24 | B25: T7 | C25: Space Humidity Min | D25: Cell | E25: pr_HumidityMin | F25: IfcSpace | G25: Altro (B09) / Other (B10) | H25: pr_HumidityMin | I25: Topologic JSON | J25: % RH | K25: Maximum over cells | L25: Room → IdealAirSystem | M25: – | N25: HVACTemplate:Zone:IdealLoadsAirSystem | O25: Humidification_Setpoint (Humidification Control Type = Humidistat) | P25: % RH | Q25: 1:1 | R25: 0 | S25: Yes | T25: TopologicCellComplexToIDF (scripts/01_bim_to_bem.py) | U25: 40; Undefined (×12) | V25: 40; Undefined (×11) | W25: B09: 0 / 40 | B10: 0 / 40 | X25: B09: 0 / 40 | B10: 0 / 40
A26: S25 | B26: T7 | C26: Space Wind Load Rating | D26: Cell | E26: pr_SpaceWindLoadRating | F26: IfcSpace | G26: Altro (B09) / Other (B10) | H26: pr_SpaceWindLoadRating | I26: not read | J26: class | K26: – | L26: – | M26: – | N26: – | O26: – | P26: – | Q26: – | R26: – | S26: No | T26: – | U26: Undefined (×67); A4 (×59); None (×29) | V26: Undefined (×33); None (×12); A4 (×4) | W26: – | X26: – | Y26: Paper says 'Eurocode 1 / Class 3'; the model stores window class 'A4' (EN 12210).
A27: S26 | B27: – (new) | C27: Occupancy schedule | D27: Cell (added by nb) | E27: rl_IsScheduledBy_Occupancy | F27: IfcSpace | G27: Altro (B09) / Other (B10) | H27: rl_IsScheduledBy_Occupancy | I27: IFC DesignTransferView | J27: schedule id | K27: Value of LAST cell iterated (Operation.py:174 uses rl_IsScheduledBy_*, not rl_ZoneIsScheduledBy_*) | L27: Room → People | M27: occupancy_schedule (overwritten in IDF) | N27: People | O27: Number_of_People_Schedule_Name | P27: – | Q27: id; prefix 'OccSch_' | R27: 'OccSch_Unoccupied' | S27: Yes | T27: scripts/01_bim_to_bem.py+ TopologicCellComplexToIDF (scripts/01_bim_to_bem.py) | U27: None (×71); OccSch_Unoccupied (×67); OccSch_B0.1 (×2); OccSch_B0.7 (×1); OccSch_B0.6 (×1); OccSch_B0.5 (×1); OccSch_B1.3 (×1); OccSch_B0.4 (×1); OccSch_B0.3 (×1); OccSch_B0.2 (×1); OccSch_B1.5 (×1); OccSch_B1.4 (×1); OccSch_B1.2 (×1); OccSch_B1.1 (×1); OccSch_B2.4 (×1); OccSch_B2.3 (×1); OccSch_B2.6 (×1); OccSch_B2.5 (×1); OccSch_B2.2 (×1) | V27: OccSch_Unoccupied (×31); None (×13); OccSch_A0.1/A0.2 (×2); OccSch_A1.3 (×1); OccSch_A1.2 (×1); OccSch_A1.1 (×1) | W27: B09: OccSch_Unoccupied (×47); OccSch_B0.1 (×2); OccSch_B0.7 (×1); OccSch_B0.6 (×1); OccSch_B0.5 (×1); OccSch_B1.3 (×1); OccSch_B0.4 (×1); OccSch_B0.3 (×1); OccSch_B0.2 (×1); OccSch_B1.5 (×1); OccSch_B1.4 (×1); OccSch_B1.2 (×1); OccSch_B1.1 (×1); OccSch_B2.3 (×1); OccSch_B2.4 (×1); OccSch_B2.6 (×1); OccSch_B2.5 (×1); OccSch_B2.2 (×1) | B10: OccSch_Unoccupied (×15); OccSch_A0.1/A0.2 (×2); OccSch_A1.3 (×1); OccSch_A1.2 (×1); OccSch_A1.1 (×1) | X27: B09: OccSch_Unoccupied (×47); OccSch_B0.1 (×2); OccSch_B0.7 (×1); OccSch_B0.6 (×1); OccSch_B0.5 (×1); OccSch_B1.3 (×1); OccSch_B0.4 (×1); OccSch_B0.3 (×1); OccSch_B0.2 (×1); OccSch_B1.5 (×1); OccSch_B1.4 (×1); OccSch_B1.2 (×1); OccSch_B1.1 (×1); OccSch_B2.3 (×1); OccSch_B2.4 (×1); OccSch_B2.6 (×1); OccSch_B2.5 (×1); OccSch_B2.2 (×1) | B10: OccSch_Unoccupied (×15); OccSch_A0.1/A0.2 (×2); OccSch_A1.3 (×1); OccSch_A1.2 (×1); OccSch_A1.1 (×1) | Y27: Schedules defined in _schedules/Schedules_Occupancy_PoliMi_LC.json (see Val_Schedules).
A28: S27 | B28: – (new) | C28: Lighting schedule | D28: Cell (added by nb) | E28: rl_IsScheduledBy_Lighting | F28: IfcSpace | G28: Altro (B09) / Other (B10) | H28: rl_IsScheduledBy_Lighting | I28: IFC DesignTransferView | J28: schedule id | K28: Value of last cell iterated | L28: Room → Lighting | M28: schedule (overwritten in IDF) | N28: Lights | O28: Schedule_Name | P28: – | Q28: first token before ';' | R28: 'AlwaysOff' (cell); 'LghSch_Costant' (B09 zone fix) | S28: Yes | T28: scripts/01_bim_to_bem.py+ TopologicCellComplexToIDF (scripts/01_bim_to_bem.py) | U28: None (×71); LghSch_Costant (×53); LghSch_Unoccupied (×14); LghSch_Costant;LghSch_B0.1 (×2); LghSch_Costant;LghSch_B0.7 (×1); LghSch_Costant;LghSch_B0.6 (×1); LghSch_Costant;LghSch_B0.5 (×1); LghSch_Costant;LghSch_B1.3 (×1); LghSch_Costant;LghSch_B0.4 (×1); LghSch_Costant;LghSch_B0.3 (×1); LghSch_Costant;LghSch_B0.2 (×1); LghSch_Costant;LghSch_B1.5 (×1); LghSch_Costant;LghSch_B1.4 (×1); LghSch_Costant;LghSch_B1.2 (×1); LghSch_Costant;LghSch_B1.1 (×1); LghSch_Costant;LghSch_B2.4 (×1); LghSch_Costant;LghSch_B2.3 (×1); LghSch_Costant;LghSch_B2.6 (×1); LghSch_Costant;LghSch_B2.5 (×1); LghSch_Costant;LghSch_B2.2 (×1) | V28: LghSch_Unoccupied (×16); LghSch_Costant (×15); None (×14); LghSch_A1.3;LghSch_Costant (×1); LghSch_A1.2;LghSch_Costant (×1); LghSch_A1.1;LghSch_Costant (×1); LghSch_A0.1/A0.2;LghSch_Costant (×1) | W28: B09: LghSch_Costant (×55); AlwaysOff (×9); LghSch_Unoccupied (×1) | B10: LghSch_Costant (×7); AlwaysOff (×5); LghSch_Unoccupied (×4); LghSch_A1.3 (×1); LghSch_A1.2 (×1); LghSch_A1.1 (×1); LghSch_A0.1/A0.2 (×1) | X28: B09: LghSch_Costant (×55); AlwaysOff (×9); LghSch_Unoccupied (×1) | B10: LghSch_Costant (×7); AlwaysOff (×5); LghSch_Unoccupied (×4); LghSch_A1.3 (×1); LghSch_A1.2 (×1); LghSch_A1.1 (×1); LghSch_A0.1/A0.2 (×1) | Y28: Multi-valued IFC entries such as 'LghSch_Costant;LghSch_B0.1' keep only the FIRST id. 'LghSch_Costant' = 0 all year in the baseline (see I06).
A29: S28 | B29: – (new) | C29: Equipment schedule | D29: Cell (added by nb) | E29: rl_IsScheduledBy_Equipment | F29: IfcSpace | G29: Altro (B09) / Other (B10) | H29: rl_IsScheduledBy_Equipment | I29: IFC DesignTransferView | J29: schedule id | K29: Value of last cell iterated | L29: Room → ElectricEquipment | M29: schedule (overwritten in IDF) | N29: ElectricEquipment | O29: Schedule_Name | P29: – | Q29: first token before ';' | R29: 'AlwaysOff' (cell); 'EqpSch_Unoccupied' (B09 zone fix) | S29: Yes | T29: scripts/01_bim_to_bem.py+ TopologicCellComplexToIDF (scripts/01_bim_to_bem.py) | U29: None (×71); EqpSch_Costant (×53); EqpSch_Unoccupied (×14); EqpSch_Costant;EqpSch_B0.1 (×2); EqpSch_Costant;EqpSch_B0.7 (×1); EqpSch_Costant;EqpSch_B0.6 (×1); EqpSch_Costant;EqpSch_B0.5 (×1); EqpSch_Costant;EqpSch_B1.3 (×1); EqpSch_Costant;EqpSch_B0.4 (×1); EqpSch_Costant;EqpSch_B0.3 (×1); EqpSch_Costant;EqpSch_B0.2 (×1); EqpSch_Costant;EqpSch_B1.5 (×1); EqpSch_Costant;EqpSch_B1.4 (×1); EqpSch_Costant;EqpSch_B1.2 (×1); EqpSch_Costant;EqpSch_B1.1 (×1); EqpSch_Costant;EqpSch_B2.4 (×1); EqpSch_Costant;EqpSch_B2.3 (×1); EqpSch_Costant;EqpSch_B2.6 (×1); EqpSch_Costant;EqpSch_B2.5 (×1); EqpSch_Costant;EqpSch_B2.2 (×1) | V29: EqpSch_Costant (×18); None (×14); EqpSch_Unoccupied (×13); EqpSch_A1.3;EqpSch_Costant (×1); EqpSch_A1.2;EqpSch_Costant (×1); EqpSch_A1.1;EqpSch_Costant (×1); EqpSch_A0.1/A0.2;EqpSch_Costant (×1) | W29: B09: EqpSch_Costant (×55); AlwaysOff (×9); EqpSch_Unoccupied (×1) | B10: EqpSch_Costant (×6); EqpSch_Unoccupied (×5); AlwaysOff (×5); EqpSch_A1.3 (×1); EqpSch_A1.2 (×1); EqpSch_A1.1 (×1); EqpSch_A0.1/A0.2 (×1) | X29: B09: EqpSch_Costant (×55); AlwaysOff (×9); EqpSch_Unoccupied (×1) | B10: EqpSch_Costant (×6); EqpSch_Unoccupied (×5); AlwaysOff (×5); EqpSch_A1.3 (×1); EqpSch_A1.2 (×1); EqpSch_A1.1 (×1); EqpSch_A0.1/A0.2 (×1) | Y29: 'EqpSch_Costant' (sic) is a copy of EqpSch_Unoccupied created in the notebook.
A30: S29 | B30: – (new) | C30: Heating availability schedule | D30: Cell (added by nb) | E30: rl_IsScheduledBy_Heating | F30: IfcSpace | G30: Altro (B09) / Other (B10) | H30: rl_IsScheduledBy_Heating | I30: IFC DesignTransferView | J30: schedule id | K30: Value of last cell iterated | L30: Room → IdealAirSystem | M30: – | N30: HVACTemplate:Zone:IdealLoadsAirSystem | O30: Heating_Availability_Schedule_Name | P30: – | Q30: id; prefix 'HtnSch_' | R30: 'AlwaysOff' | S30: Yes | T30: TopologicCellComplexToIDF (scripts/01_bim_to_bem.py) | U30: None (×81); HtnSch_AHU (×75) | V30: None (×26); HtnSch_AHU (×23) | W30: B09: HtnSch_AHU (×52); AlwaysOff (×13) | B10: HtnSch_AHU (×12); AlwaysOff (×8) | X30: B09: HtnSch_AHU (×52); AlwaysOff (×13) | B10: HtnSch_AHU (×12); AlwaysOff (×8) | Y30: HtnSch_AHU: 07–18 h all year (baseline); always 1 (calibrated).
A31: S30 | B31: – (new) | C31: Cooling availability schedule | D31: Cell (added by nb) | E31: rl_IsScheduledBy_Cooling | F31: IfcSpace | G31: Altro (B09) / Other (B10) | H31: rl_IsScheduledBy_Cooling | I31: IFC DesignTransferView | J31: schedule id | K31: Value of last cell iterated | L31: Room → IdealAirSystem | M31: – | N31: HVACTemplate:Zone:IdealLoadsAirSystem | O31: Cooling_Availability_Schedule_Name | P31: – | Q31: id; prefix 'ClnSch_' | R31: 'AlwaysOff' | S31: Yes | T31: TopologicCellComplexToIDF (scripts/01_bim_to_bem.py) | U31: None (×81); ClnSch_AHU (×75) | V31: None (×26); ClnSch_AHU (×23) | W31: B09: ClnSch_AHU (×52); AlwaysOff (×13) | B10: ClnSch_AHU (×12); AlwaysOff (×8) | X31: B09: ClnSch_AHU (×52); AlwaysOff (×13) | B10: ClnSch_AHU (×12); AlwaysOff (×8) | Y31: ClnSch_AHU: 07–18 h from 16/4 to 14/10 (baseline); always 1 (calibrated).
A32: S31 | B32: – (new) | C32: Ventilation (system) availability schedule | D32: Cell (added by nb) | E32: rl_IsScheduledBy_Ventilation | F32: IfcSpace | G32: Altro (B09) / Other (B10) | H32: rl_IsScheduledBy_Ventilation | I32: IFC DesignTransferView | J32: schedule id | K32: Value of last cell iterated | L32: Room → IdealAirSystem | M32: – | N32: HVACTemplate:Zone:IdealLoadsAirSystem | O32: System_Availability_Schedule_Name | P32: – | Q32: id; prefix 'VntSch_' | R32: 'AlwaysOff' | S32: Yes | T32: TopologicCellComplexToIDF (scripts/01_bim_to_bem.py) | U32: None (×81); VntSch_AHU (×75) | V32: None (×26); VntSch_AHU (×23) | W32: B09: VntSch_AHU (×52); AlwaysOff (×13) | B10: VntSch_AHU (×12); AlwaysOff (×8) | X32: B09: VntSch_AHU (×52); AlwaysOff (×13) | B10: VntSch_AHU (×12); AlwaysOff (×8) | Y32: System availability switches the whole ideal-loads system (heating, cooling and outdoor air).
A33: S32 | B33: – (new) | C33: Storey | D33: Cell | E33: rl_HasLocation_tpBS | F33: IfcSpace / IfcBuildingStorey | G33: Altro (B09) / Other (B10) | H33: rl_HasLocation_tpBS | I33: Topologic JSON | J33: id | K33: Taken from zone dictionary | L33: Room | M33: story | N33: – | O33: – (HB story is not written to IDF) | P33: – | Q33: none | R33: 'noneStorey' | S33: No | T33: TopologicCellComplexToIDF | U33: BuildingStorey_-595cm (×45); BuildingStorey_5cm (×42); BuildingStorey_1029cm (×35); BuildingStorey_517cm (×33) | V33: BuildingStorey_-595cm (×21); BuildingStorey_5cm (×15); BuildingStorey_517cm (×12); BuildingStorey_1029cm (×1) | W33: – | X33: – | Y33: Also used to build zone ids before renaming (storey-clusterN).
A34: S33 | B34: – (new) | C34: Space / zone identifier | D34: Cell → zone CellComplex | E34: UID → rl_HasLocation_tpZN | F34: IfcSpace | G34: Altro (B09) / Other (B10) | H34: UID | I34: Topologic JSON | J34: id | K34: Cells grouped by rl_HasLocation_tpZN (K-Means + adjacency rules) → CellComplex.ByCells | L34: Room | M34: identifier = zone UID ('zoneNN') | N34: Zone | O34: Name | P34: – | Q34: none | R34: 'debugZoneN' for unassigned cells (B09 nb) | S34: Yes | T34: TBIM.EnergyZones; HBRoom(tpZoneUID, faces, 0.01, 1) | U34: 155 cells | V34: 49 cells | W34: B09: 65 zones | B10: 20 zones | X34: same
A35: S34 | B35: – (new) | C35: Area / volume | D35: Cell | E35: pr_GrossArea, pr_NetVolume … (stored) / Cell.Area(), Cell.Volume() (computed) | F35: IfcSpace | G35: Qto_SpaceBaseQuantities | H35: GrossFloorArea, NetVolume | I35: Topologic geometry | J35: cm² / cm³ | K35: Used as weights for aggregations | L35: Room | M35: floor_area / volume (from geometry) | N35: Zone | O35: Floor_Area / Volume = autocalculate | P35: m² / m³ | Q35: from geometry | R35: – | S35: Partial | T35: Utils.TopologicZoneInheritSpaceData (Operation.py:4) | U35: – | V35: – | W35: autocalculated by E+ | X35: same | Y35: Stored BIM quantities are not used; E+ recomputes from surfaces.

Sheet Map_Envelope
A1: ID | B1: Paper table | C1: Paper property name | D1: Topologic entity | E1: Topologic key | F1: IFC entity | G1: IFC pset | H1: IFC property | I1: Read by workflow from | J1: BIM unit | K1: Cell → zone aggregation | L1: Honeybee object | M1: Honeybee attribute | N1: EnergyPlus object | O1: EnergyPlus field | P1: E+ unit | Q1: Conversion BIM → E+ | R1: Default if missing / 'Undefined' | S1: In IDF? | T1: Implementation | U1: Value B09 (BIM) | V1: Value B10 (BIM) | W1: Value in IDF – baseline | X1: Value in IDF – calibrated | Y1: Notes
A2: E01 | B2: T8 | C2: – (surface classification) | D2: Face | E2: pr_TopologicalType (extVer / intVer / topHor / botHor / intHor) | F2: – (derived) | G2: – | H2: – | I2: Topologic JSON (set from CellComplex.Decompose if missing) | J2: text | K2: – | L2: Face | M2: type: 'VER'→Wall, 'HOR'→Floor, 'TOP'→RoofCeiling | N2: BuildingSurface:Detailed | O2: Surface_Type (Wall / Floor / Roof / Ceiling) | P2: – | Q2: keyword | R2: set by CellComplex.Decompose | S2: Yes | T2: HB.HBFacesByTopologicZone (Operation.py:999) | U2: see Val_Constructions | V2: see Val_Constructions | W2: Wall / Floor / Roof / Ceiling | X2: same | Y2: Interior HB Floor/RoofCeiling pairs become Floor/Ceiling after solve_adjacency.
A3: E02 | B3: T8 | C3: Construction Name | D3: Face | E3: pr_WallTypeName (extVer, intVer) / pr_RoofTypeName (topHor) / pr_FloorTypeName (botHor, intHor) → HBConstructionName | F3: IfcWallType / IfcSlabType / IfcRoofType | G3: – | H3: Name ('Family:Type'; part after ':') | I3: Topologic JSON + IFC DesignTransferView | J3: text | K3: – | L3: OpaqueConstruction | M3: identifier / display_name | N3: BuildingSurface:Detailed | O3: Construction_Name | P3: – | Q3: match by name; only if name ∈ HB opaque constructions | R3: HB default ('Generic Interior Wall', 'Generic Interior Floor', 'Generic Ground Slab'); 'Generic Exterior Wall' → WL_POLIMI-LC_EW02; 'Generic Roof' → RF_POLIMI-LC_IH-E | S3: Yes | T3: TBIM.Faces_SetHBConstructionName; Eppy.IdfSetFaceConstructions | U3: see Val_Constructions | V3: see Val_Constructions | W3: see Val_Constructions | X3: same | Y3: Construction names are re-assigned with Eppy after the HB→IDF export.
A4: E03 | B4: T8 | C4: – (layer set) | D4: – | E4: – | F4: IfcWallType / IfcSlabType | G4: IfcRelAssociatesMaterial | H4: IfcMaterialLayerSet.MaterialLayers (order kept: outside → inside) | I4: IFC DesignTransferView | J4: – | K4: – | L4: OpaqueConstruction | M4: materials (list, outside → inside) | N4: Construction | O4: Outside_Layer, Layer_2 … Layer_10 | P4: – | Q4: 1:1 order | R4: construction skipped if no layer has λ, ρ and c | S4: Yes | T4: HB.HBOpaqueConstructionsByIFCPaths (Operation.py:234); Eppy.IdfSetConstructionsAndMaterials | U4: see Val_Layers | V4: see Val_Layers | W4: see Val_Layers | X4: same | Y4: IfcRoofType has no layer set in either IFC → roof construction typed in the notebook (E14).
A5: E04 | B5: T8 | C5: – (material name) | D5: – | E5: – | F5: IfcMaterial | G5: – | H5: Name | I5: IFC ReferenceView | J5: text | K5: – | L5: EnergyMaterial | M5: identifier = '{Name}-{thickness_m}' (',' → '-') | N5: Material | O5: Name | P5: – | Q5: string | R5: – | S5: Yes | T5: HB.HBOpaqueConstructionsByIFCPaths | U5: see Val_Layers | V5: see Val_Layers | W5: see Val_Layers | X5: same
A6: E05 | B6: T8 | C6: – (layer thickness) | D6: – | E6: – | F6: IfcMaterialLayer | G6: – | H6: LayerThickness | I6: IFC DesignTransferView | J6: cm | K6: – | L6: EnergyMaterial | M6: thickness | N6: Material | O6: Thickness | P6: m | Q6: ÷ 100 | R6: 0 → 0.005 m | S6: Yes | T6: HB.HBOpaqueConstructionsByIFCPaths | U6: see Val_Layers | V6: see Val_Layers | W6: see Val_Layers | X6: same | Y6: Waterproofing membranes have LayerThickness 0 in IFC → 5 mm in E+.
A7: E06 | B7: T8 | C7: – (thermal conductivity) | D7: – | E7: – | F7: IfcMaterial | G7: IfcMaterialProperties | H7: ThermalConductivity | I7: IFC ReferenceView | J7: W/m·K | K7: – | L7: EnergyMaterial | M7: conductivity | N7: Material | O7: Conductivity | P7: W/m·K | Q7: round(·, 3) | R7: material skipped | S7: Yes | T7: HB.HBOpaqueConstructionsByIFCPaths | U7: see Val_Layers | V7: see Val_Layers | W7: see Val_Layers | X7: same | Y7: Air cavities are written as massive Material with λ = 0.285 / 1.0 W/m·K and ρ = 1 kg/m³ (no Material:AirGap).
A8: E07 | B8: T8 | C8: – (density) | D8: – | E8: – | F8: IfcMaterial | G8: IfcMaterialProperties | H8: Density (not MassDensity) | I8: IFC ReferenceView | J8: kg/m³ | K8: – | L8: EnergyMaterial | M8: density | N8: Material | O8: Density | P8: kg/m³ | Q8: 1:1 | R8: material skipped | S8: Yes | T8: HB.HBOpaqueConstructionsByIFCPaths | U8: see Val_Layers | V8: see Val_Layers | W8: see Val_Layers | X8: same | Y8: IFC carries two densities (Density, MassDensity) that differ, e.g. insulation 30 vs 80 kg/m³; the workflow uses 'Density'.
A9: E08 | B9: T8 | C9: – (specific heat) | D9: – | E9: – | F9: IfcMaterial | G9: IfcMaterialProperties | H9: SpecificHeatCapacity (any name containing 'HEAT') | I9: IFC ReferenceView | J9: J/kg·K | K9: – | L9: EnergyMaterial | M9: specific_heat | N9: Material | O9: Specific_Heat | P9: J/kg·K | Q9: int() (truncation) | R9: material skipped | S9: Yes | T9: HB.HBOpaqueConstructionsByIFCPaths | U9: see Val_Layers | V9: see Val_Layers | W9: see Val_Layers | X9: same
A10: E09 | B10: T8 | C10: – (emissivity) | D10: – | E10: – | F10: IfcMaterial | G10: IfcMaterialProperties | H10: Emissivity | I10: IFC ReferenceView | J10: – | K10: – | L10: EnergyMaterial | M10: thermal_absorptance | N10: Material | O10: Thermal_Absorptance | P10: – | Q10: if ε > 0.05: round(ε, 2) else 0.7 | R10: 0.9 | S10: Yes | T10: HB.HBOpaqueConstructionsByIFCPaths | U10: see Val_Layers | V10: see Val_Layers | W10: see Val_Layers | X10: same
A11: E10 | B11: T8 | C11: – (solar absorptance) | D11: – | E11: – | F11: – | G11: – | H11: – | I11: notebook constant | J11: – | K11: – | L11: EnergyMaterial | M11: solar_absorptance | N11: Material | O11: Solar_Absorptance | P11: – | Q11: constant | R11: 0.7 | S11: Partial | T11: HB.HBOpaqueConstructionsByIFCPaths | U11: 0.7 | V11: 0.7 | W11: 0.7 (all opaque materials) | X11: same | Y11: IFC 'Analytical Properties.Absorptance' is not read by the active function.
A12: E11 | B12: T8 | C12: – (visible absorptance) | D12: – | E12: – | F12: – | G12: – | H12: – | I12: notebook constant | J12: – | K12: – | L12: EnergyMaterial | M12: visible_absorptance | N12: Material | O12: Visible_Absorptance | P12: – | Q12: constant | R12: 0.7 | S12: Partial | T12: HB.HBOpaqueConstructionsByIFCPaths | U12: 0.7 | V12: 0.7 | W12: 0.7 | X12: same
A13: E12 | B13: T8 | C13: – (roughness) | D13: – | E13: – | F13: – | G13: – | H13: – | I13: notebook constant | J13: – | K13: – | L13: EnergyMaterial | M13: roughness | N13: Material | O13: Roughness | P13: – | Q13: constant | R13: MediumRough | S13: Partial | T13: HB.HBOpaqueConstructionsByIFCPaths | U13: MediumRough | V13: MediumRough | W13: MediumRough | X13: same
A14: E13 | B14: T8 | C14: Thermal Transmittance (wall / roof / ground floor / partitions) | D14: – | E14: – | F14: IfcWallType / IfcSlabType | G14: Analytical Properties | H14: Heat Transfer Coefficient (U) / Thermal Resistance (R) | I14: not read | J14: W/m²K | K14: – | L14: OpaqueConstruction | M14: u_value (derived from layers) | N14: Construction | O14: (none – E+ derives U from layers) | P14: W/m²K | Q14: – | R14: – | S14: No | T14: (legacy HB.HBOpaqueConstructionsByIFC reads R but is not called) | U14: see Val_Constructions (computed) | V14: see Val_Constructions (computed) | W14: see Val_Constructions | X14: same | Y14: Report U computed from the IDF layers (Val_Constructions), not stored IFC U-values.
A15: E14 | B15: T8 | C15: Roof construction | D15: Face | E15: pr_RoofTypeName | F15: IfcRoofType | G15: – | H15: Name (no material layers in IFC) | I15: notebook constant | J15: – | K15: – | L15: OpaqueConstruction | M15: RF_POLIMI-LC_IH-E: Ghiaia 0.08 / Massetto 0.12 / Isolante rigido 0.08 / CLS 0.25 m | N15: Construction + Material | O15: all layer fields | P15: SI | Q15: typed in scripts/01_bim_to_bem.py | R15: – | S15: Partial | T15: scripts/01_bim_to_bem.py | U15: RF_POLIMI-LC_IH-E, RF_POLIMI-LC_INH-E | V15: RF_POLIMI-LC_IH-E | W15: RF_POLIMI-LC_IH-E only | X15: same | Y15: Faces typed RF_POLIMI-LC_INH-E (15 in B09) fall back to 'Generic Roof' → RF_POLIMI-LC_IH-E.
A16: E15 | B16: – (new) | C16: Outside boundary condition | D16: Face | E16: UID (lists adiabaticFaceUIDs / groundFaceUIDs in nb) | F16: – | G16: – | H16: – | I16: HB + notebook constant | J16: – | K16: – | L16: Face | M16: boundary_condition (Outdoors / Ground / Surface via Room.solve_adjacency) | N16: BuildingSurface:Detailed | O16: Outside_Boundary_Condition (+ Outside_Boundary_Condition_Object) | P16: – | Q16: 'Adiabatic' / 'Ground' forced by face UID | R16: Outdoors | S16: Yes | T16: HBRoom.solve_adjacency(tol 0.01); TopologicCellComplexToIDF 'SURFACE CONDITIONS' | U16: adiabatic: extVerFace13, 14, 140, 142, 143; ground: 17 faces | V16: adiabatic: extVerFace8–14 | W16: B09: Surface (×1190); Outdoors (×471); Ground (×63); Adiabatic (×5) | B10: Surface (×260); Outdoors (×135); Ground (×15); Adiabatic (×7) | X16: same | Y16: Faces of excluded cells (notUsefullCellUIDs) leave their neighbours exposed: interior partitions become 'Outdoors'.
A17: E16 | B17: – (new) | C17: Surface geometry | D17: Face | E17: Face.ExternalBoundary vertices | F17: IfcSpace boundaries (via TBIM) | G17: – | H17: – | I17: Topologic geometry | J17: cm | K17: – | L17: Face | M17: geometry = Face3D(Point3D) | N17: BuildingSurface:Detailed | O17: Vertex_n_X/Y/Zcoordinate | P17: m | Q17: ÷ 100 | R17: – | S17: Yes | T17: HB.HBFacesByTopologicZone | U17: – | V17: – | W17: GlobalGeometryRules: UpperLeftCorner, Counterclockwise, Relative | X17: same
A18: E17 | B18: – (new) | C18: Surface identifier | D18: Face | E18: UID | F18: – | G18: – | H18: – | I18: Topologic JSON | J18: id | K18: – | L18: Face | M18: identifier = '{faceUID}-{zoneUID}' | N18: BuildingSurface:Detailed | O18: Name | P18: – | Q18: string | R18: – | S18: Yes | T18: HB.HBFacesByTopologicZone | U18: e.g. extVerFace62-zone27 | V18: e.g. extVerFace0-zone12 | W18: same pattern | X18: same | Y18: Join key between TBIM faces and IDF surfaces.

Sheet Map_Apertures
A1: ID | B1: Paper table | C1: Paper property name | D1: Topologic entity | E1: Topologic key | F1: IFC entity | G1: IFC pset | H1: IFC property | I1: Read by workflow from | J1: BIM unit | K1: Cell → zone aggregation | L1: Honeybee object | M1: Honeybee attribute | N1: EnergyPlus object | O1: EnergyPlus field | P1: E+ unit | Q1: Conversion BIM → E+ | R1: Default if missing / 'Undefined' | S1: In IDF? | T1: Implementation | U1: Value B09 (BIM) | V1: Value B10 (BIM) | W1: Value in IDF – baseline | X1: Value in IDF – calibrated | Y1: Notes
A2: A01 | B2: T9 | C2: – (aperture type) | D2: Aperture (Face) | E2: pr_TopologicalType (window / door / hole) | F2: IfcWindow / IfcDoor | G2: Other (IfcWindow/IfcDoor) – Altro in B09 | H2: pr_TopologicalType | I2: Topologic JSON | J2: text | K2: – | L2: Aperture | M2: (window and door → Aperture; hole → skipped) | N2: FenestrationSurface:Detailed | O2: Surface_Type = Window | P2: – | Q2: keyword | R2: – | S2: Partial | T2: HB.HBFacesByTopologicZone | U2: door ×211, hole ×38 (no IfcWindow) | V2: door ×67, hole ×16, window ×1 | W2: B09: Window (×55) | B10: Window (×25) | X2: same | Y2: Doors are modelled as glazed HB Apertures; HB Door / E+ Door objects are never created (hbRoomDoors stays empty). Apertures are dropped on faces that are curtain walls or adiabatic: only 1 door (B09) and 3 doors + 1 window (B10) reach the IDF.
A3: A02 | B3: T9 | C3: – (curtain wall) | D3: Face | E3: pr_WallTypeName contains 'CURTAIN' | F3: IfcWall (type …CurtainWall / …CurtainWall150) | G3: – | H3: type Name | I3: Topologic JSON | J3: text | K3: – | L3: Aperture | M3: identifier 'curtainWall-{faceUID}'; geometry = face scaled 0.9 × 0.9 about its centre (≈ 81 % of face area) | N3: FenestrationSurface:Detailed | O3: Name / vertices | P3: m | Q3: linear scale 0.9 | R3: – | S3: Yes | T3: HB.HBFacesByTopologicZone | U3: 55 extVer curtain-wall faces (+47 intVer, no aperture) | V3: WL_POLIMI-LC_CurtainWall faces (see Val_Glazing) | W3: see Val_Glazing | X3: same | Y3: Glazing fraction is fixed by the scale factor, not by pr_WindowGlazingAreaFraction (0.8).
A4: A03 | B4: T9 | C4: Thermal Transmittance | D4: Face (curtain wall) / Aperture | E4: pr_WindowThermalTrasmittance / pr_ThermalTrasmittance | F4: IfcWall (curtain) / IfcWindow / IfcDoor | G4: Other (IfcWindow/IfcDoor) – Altro in B09 | H4: pr_WindowThermalTrasmittance / pr_ThermalTrasmittance | I4: IFC DesignTransferView | J4: W/m²K | K4: – | L4: WindowConstruction (from_simple_parameters) | M4: u_factor | N4: WindowMaterial:SimpleGlazingSystem | O4: UFactor | P4: W/m²K | Q4: 1:1 | R4: first construction in list / HB 'Generic Double Pane' | S4: Yes | T4: HB.HBWindowConstructionsByIFC (Operation.py:908; inline copy in B09 nb); Eppy.IdfSetWindowConstructions / IdfSetCurtainWallConstructions | U4: 0.9 | V4: 0.9 (NaN on 39 doors, 2 curtain walls) | W4: 0.9 | X4: 0.9 | Y4: Whole-window U; frame and glass U (A08, A09) are not used separately.
A5: A04 | B5: T9 | C5: Solar Heat Gain Transmittance | D5: Face / Aperture | E5: pr_WindowSolarTrasmittance / pr_SolarTrasmittance | F5: IfcWall / IfcWindow / IfcDoor | G5: Other (IfcWindow/IfcDoor) – Altro in B09 | H5: pr_WindowSolarTrasmittance / pr_SolarTrasmittance | I5: IFC DesignTransferView | J5: – | K5: – | L5: WindowConstruction | M5: shgc | N5: WindowMaterial:SimpleGlazingSystem | O5: Solar_Heat_Gain_Coefficient | P5: – | Q5: 1:1 | R5: as above | S5: Yes | T5: as A03 | U5: 0.67 | V5: 0.67 | W5: 0.67 | X5: 0.67
A6: A05 | B6: T9 | C6: Visible Light Transmittance | D6: Face / Aperture | E6: pr_WindowVisibleTrasmittance / pr_VisibleTrasmittance | F6: IfcWall / IfcWindow / IfcDoor | G6: Other (IfcWindow/IfcDoor) – Altro in B09 | H6: pr_WindowVisibleTrasmittance / pr_VisibleTrasmittance | I6: IFC DesignTransferView | J6: – | K6: – | L6: WindowConstruction | M6: vt | N6: WindowMaterial:SimpleGlazingSystem | O6: Visible_Transmittance | P6: – | Q6: 1:1 | R6: as above | S6: Yes | T6: as A03 | U6: 0.8 (IFC); TBIM faces 0.8 ×103, 0.58 ×121 | V6: 0.8 / 0.58 | W6: B09: 0.8 | B10: 0.8, 0.58 | X6: same | Y6: B09: the TBIM has VT 0.58 on 121 curtain-wall faces but the B09 IFC only defines VT 0.8, so those panels (23 in the IDF) fall back to HB 'Generic Double Pane'.
A7: A06 | B7: – (new) | C7: Glazing construction name | D7: Face / Aperture | E7: (built) | F7: – | G7: – | H7: – | I7: derived | J7: text | K7: – | L7: WindowConstruction | M7: identifier 'windowConstruction_U{U}_SHGC{g}_VT{vt}' / 'curtainWallWindowConstruction_…' | N7: Construction (1 layer) + FenestrationSurface:Detailed | O7: Name / Construction_Name | P7: – | Q7: string | R7: hbWindowConstructionNames[0] | S7: Yes | T7: Eppy.IdfSetConstructionsAndMaterials | U7: see Val_Glazing | V7: see Val_Glazing | W7: see Val_Glazing | X7: same
A8: A07 | B8: T9 | C8: Glass Layers | D8: Face / Aperture | E8: pr_WindowGlassLayers / pr_GlassLayers | F8: IfcWindow / IfcDoor / IfcWall | G8: Other (IfcWindow/IfcDoor) – Altro in B09 | H8: pr_GlassLayers | I8: not read | J8: text | K8: – | L8: – | M8: – | N8: – | O8: – | P8: – | Q8: – | R8: – | S8: No | T8: – | U8: Double | V8: Double | W8: – | X8: – | Y8: Simple glazing model: number of panes is implicit in U/SHGC.
A9: A08 | B9: T9 | C9: Glass Thermal Transmittance | D9: Face / Aperture | E9: pr_WindowGlassTermalTrasmittance / pr_GlassTermalTrasmittance | F9: IfcWindow / IfcDoor / IfcWall | G9: Other (IfcWindow/IfcDoor) – Altro in B09 | H9: pr_GlassTermalTrasmittance | I9: not read | J9: W/m²K | K9: – | L9: – | M9: – | N9: – | O9: – | P9: – | Q9: – | R9: – | S9: No | T9: – | U9: 1.1 | V9: 1.1 | W9: – | X9: – | Y9: Glass U (1.1) > whole-window U (0.9) with frame U 0.7: check consistency.
A10: A09 | B10: T9 | C10: Frame Material / frame U | D10: Face / Aperture | E10: pr_WindowFrameMaterial, pr_WindowFrameThermalTrasmittance | F10: IfcWindow / IfcDoor / IfcWall | G10: Other (IfcWindow/IfcDoor) – Altro in B09 | H10: pr_FrameMaterial, pr_FrameThermalTrasmittance | I10: not read | J10: text / W/m²K | K10: – | L10: – | M10: – | N10: (WindowProperty:FrameAndDivider not generated) | O10: – | P10: – | Q10: – | R10: – | S10: No | T10: – | U10: Aluminium; 0.7 | V10: Aluminium; 0.7 | W10: – | X10: –
A11: A10 | B11: T9 | C11: Glazing Area Fraction | D11: Face / Aperture | E11: pr_WindowGlazingAreaFraction / pr_GlazingAreaFraction | F11: IfcWindow / IfcDoor / IfcWall | G11: Other (IfcWindow/IfcDoor) – Altro in B09 | H11: pr_GlazingAreaFraction | I11: not read | J11: – | K11: – | L11: – | M11: – | N11: – | O11: – | P11: – | Q11: – | R11: – | S11: No | T11: – | U11: 0.8 | V11: 0.8 | W11: – | X11: – | Y11: See A02: curtain-wall glazing = 0.81 by geometry.
A12: A11 | B12: T9 | C12: Width / Height | D12: Aperture | E12: pr_Width, pr_Heigth (sic) | F12: IfcWindow / IfcDoor | G12: Other (IfcWindow/IfcDoor) – Altro in B09 | H12: pr_Width, pr_Heigth | I12: not read (geometry used instead) | J12: cm | K12: – | L12: Aperture | M12: geometry from aperture face vertices | N12: FenestrationSurface:Detailed | O12: Vertex_n_X/Y/Zcoordinate | P12: m | Q12: ÷ 100 | R12: – | S12: Partial | T12: HB.HBFacesByTopologicZone | U12: None | V12: per aperture | W12: – | X12: – | Y12: Paper values (2.80 × 1.50 m) are not model values.
A13: A12 | B13: T9 | C13: Wind Load Rating | D13: Face / Aperture | E13: pr_WindowWindLoadRating / pr_WindLoadRating | F13: IfcWindow | G13: Other (IfcWindow/IfcDoor) – Altro in B09 | H13: pr_WindLoadRating | I13: not read | J13: class | K13: – | L13: – | M13: – | N13: – | O13: – | P13: – | Q13: – | R13: – | S13: No | T13: – | U13: A4 | V13: A3 | W13: – | X13: –
A14: A13 | B14: – (new) | C14: Aperture identifier / host | D14: Aperture | E14: UID, uuid, rl_HasLocation_inFC | F14: IfcWindow / IfcDoor | G14: Other (IfcWindow/IfcDoor) – Altro in B09 | H14: UID | I14: Topologic JSON | J14: id | K14: – | L14: Aperture / Face | M14: identifier '{UID}-{uuid}'; Face.add_apertures | N14: FenestrationSurface:Detailed | O14: Name / Building_Surface_Name | P14: – | Q14: string | R14: – | S14: Yes | T14: HB.HBFacesByTopologicZone | U14: – | V14: – | W14: – | X14: –
A15: A14 | B15: – (new) | C15: External blinds | D15: Aperture | E15: (list fenestrationSurfaceWithBlinds in nb) | F15: – | G15: – | H15: – | I15: notebook constant | J15: – | K15: – | L15: – | M15: – | N15: WindowMaterial:Blind + WindowShadingControl + Construction '…-withBlinds-…' | O15: Slat width 0.30 m, separation 0.50 m, thickness 0.001 m, angle 90° (min 85, max 95), λ 160 W/m·K, beam/diffuse solar refl. 0.6, visible refl. 0.5, IR emissivity 0.9, blind-to-glass 0.30 m, side openings 0.5; Shading_Type ExteriorBlind, Control AlwaysOn, FixedSlatAngle | P15: SI | Q15: constants | R15: – | S15: Partial | T15: TopologicCellComplexToIDF 'BLINDS' | U15: 11 curtain-wall surfaces | V15: 3 curtain walls + 1 window | W15: B09: 11 controls | B10: 4 | X15: same | Y15: Not derived from BIM; consider adding an IFC shading device property.

Sheet Map_Model
A1: ID | B1: Topic | C1: Topologic entity | D1: Topologic key(s) | E1: IFC entity | F1: IFC detail | G1: Source | H1: Rule / value | I1: Honeybee object | J1: Honeybee attribute | K1: EnergyPlus object | L1: EnergyPlus field(s) | M1: In IDF? | N1: Implementation | O1: Value B09 | P1: Value B10 | Q1: Notes
A2: M01 | B2: Zoning: clustering | C2: Cell | D2: pr_IsOccupied, pr_IsHeated, pr_IsCooled, pr_OccupancyDensityOperation | E2: IfcSpace | F2: → IfcZone (exported) | G2: Topologic JSON | H2: K-Means (n_clusters = 6, StandardScaler, random_state = 14); single-cell zones for LectureHall, Research Lab, GeneralStorage; stairs/elevators → adjacent corridor; HorizontalInfrastructure → corridor/stair, then restroom; split by adjacency; excluded cells notUsefullCellUIDs | I2: Room | J2: one Room per zone CellComplex | K2: Zone | L2: Name, Multiplier = 1, Volume/Area autocalculate | M2: Yes | N2: TBIM.Cells_ClusterizeIntoEnergyZones (Operation.py:1517; inline copy in B09 nb) | O2: B09: 65 zones (incl. 12 'debugZone') | P2: B10: 20 zones | Q2: Excluded B09: Cell59, 115–125, 153; B10: Cell3, 22–25, 29.
A3: M02 | B3: Zoning: data inheritance | C3: Zone CellComplex | D3: see Map_Spaces 'Cell → zone aggregation' | E3: – | F3: – | G3: Topologic | H3: OR / area-weighted / occupant-weighted / min / max / prevalent | I3: Room | J3: – | K3: People, Lights, … | L3: – | M3: Yes | N3: Utils.TopologicZoneInheritSpaceData (Operation.py:4) | Q3: Bug: schedules and pr_MechanicalVentilationRate take the last cell's value.
A4: M03 | B4: Geometry units | C4: Vertex | D4: X, Y, Z | E4: – | F4: – | G4: Topologic | H4: cm → m (÷ 100) | I4: Face3D / Point3D | J4: – | K4: BuildingSurface:Detailed | L4: vertices | M4: Yes | N4: HB.HBFacesByTopologicZone
A5: M04 | B5: Room creation | C5: Zone CellComplex + Faces | D5: – | E5: – | F5: – | G5: Topologic | H5: HBRoom(identifier, faces, tolerance = 0.01 m, angle tolerance = 1°); Room.solve_adjacency(0.01) | I5: Room | J5: identifier, faces, story | K5: Zone + BuildingSurface:Detailed | L5: – | M5: Yes | N5: TopologicCellComplexToIDF
A6: M05 | B6: Context shading | C6: Face (BRep) | D6: – | E6: – | F6: – | G6: BRep files *_Shades-Balconies / -ContextBuildings / -AdjacentBuildings.brep | H6: cm → m; Vegetation BRep not used | I6: Shade (is_detached = True) | J6: identifier 'shade{j}-{i}' | K6: Shading:Building:Detailed | L6: Name, vertices | M6: Yes | N6: HB.HBShadesByTopologicBRepPaths | O6: 88 shades | P6: 79 shades | Q6: Shades are opaque, no transmittance schedule.
A7: M06 | B7: HB program (base loads) | C7: – | D7: – | E7: – | F7: – | G7: HB library | H7: honeybee_energy.lib.programtypes.office_program, then People/Lights/Equipment/OA overwritten by Eppy | I7: Room | J7: properties.energy.program_type | K7: People, Lights, ElectricEquipment, ZoneInfiltration, DesignSpecification:OutdoorAir | L7: names 'Generic Office …' | M7: Partial | N7: HB.HBRoomSetSetpointSchedules | Q7: Activity 'Seated Adult Activity', infiltration schedule 'Generic Office Infiltration' stay from the office program.
A8: M07 | B8: Ideal loads HVAC | C8: – | D8: – | E8: – | F8: – | G8: HB default | H8: add_default_ideal_air() | I8: Room | J8: properties.energy.hvac (IdealAirSystem) | K8: HVACTemplate:Zone:IdealLoadsAirSystem | L8: Max heating SAT 50 °C; min cooling SAT 13 °C; heating limit LimitCapacity (autosize); cooling limit LimitFlowRateAndCapacity (autosize); economizer DifferentialDryBulb; heat recovery None; DCV None | M8: Partial | N8: HB.HBRoomSetSetpointSchedules | Q8: No AHU capacity caps (paper: 7,200 / 11,000 m³/h).
A9: M08 | B9: Thermostat | C9: – | D9: – | E9: – | F9: – | G9: HB constant | H9: Setpoint('Room Setpoint', heating 20 °C, cooling 26 °C) | I9: Room | J9: properties.energy.setpoint | K9: HVACTemplate:Thermostat + Schedule:Constant | L9: Heating/Cooling_Setpoint_Schedule_Name | M9: Partial | N9: HB.HBRoomSetSetpointSchedules | O9: baseline 20/26 °C | P9: calibrated: see S19/S22
A10: M09 | B10: Infiltration | C10: – | D10: – | E10: – | F10: – | G10: notebook constant | H10: infiltrationFlowRateDict['TightBuilding'] = 0.0001 m³/s per m² exterior surface | I10: Room | J10: infiltration (office program) | K10: ZoneInfiltration:DesignFlowRate | L10: Design_Flow_Rate_Calculation_Method = Flow/ExteriorArea; Flow_Rate_per_Exterior_Surface_Area = 0.0001; coefficients 1/0/0/0; schedule 'Generic Office Infiltration' | M10: Partial | N10: TopologicCellComplexToIDF 'CONSTRUCTION' | O10: 0.0001 | P10: 0.0001 | Q10: Options in nb: PassiveHouse 7.1e-5, Tight 1e-4, Average 3e-4, Leaky 6e-4.
A11: M10 | B11: Service hot water | C11: – | D11: – | E11: – | F11: – | G11: HB constant | H11: ServiceHotWater('Office Hot Water', 0.1 L/h·m², 'Office room dayschedule' 9–17 h) | I11: Room | J11: service_hot_water | K11: WaterUse:Equipment | L11: Peak_Flow_Rate, Flow_Rate_Fraction_Schedule_Name | M11: Partial | N11: HB.HBRoomSetSetpointSchedules | Q11: Not BIM-derived; outputs not reported in the paper.
A12: M11 | B12: Schedules | C12: – | D12: – | E12: – | F12: – | G12: _schedules/*.json (HB ScheduleRuleset dicts) | H12: rules → 'Through: m/d' / 'For: <weekday | Weekdays | AllDays>' / 'Until: hh:00', value clipped to type limits | I12: ScheduleRuleset (dict) | J12: identifier (prefixed) | K12: Schedule:Compact + ScheduleTypeLimits | L12: Name, Schedule_Type_Limits_Name, Field_n | M12: Yes | N12: HB.*ScheduleRulesetDictsByJSONPath; Eppy.IdfScheduleCompactByHBScheduleRulesetDict (Operation.py:1183) | Q12: See Val_Schedules. Prefixes: OccSch_, EqpSch_, LghSch_, HtnSch_, ClnSch_, VntSch_. Plus 'AlwaysOff'.
A13: M12 | B13: Building | C13: – | D13: – | E13: – | F13: – | G13: notebook constant | H13: buildingName, northAxis = 45°, terrain = 'City' | I13: Model | J13: identifier | K13: Building | L13: Name, North_Axis, Terrain, Solar_Distribution = FullExterior (overrides HB value) | M13: Yes | N13: TopologicCellComplexToIDF | O13: edificio09, 45°, City | P13: edificio10, 45°, City
A14: M13 | B14: Simulation control | C14: – | D14: – | E14: – | F14: – | G14: HB.HBDefaultSimulationParameter | H14: zone sizing Yes, system/plant sizing No, sizing periods No, run periods Yes | I14: SimulationParameter | J14: simulation_control | K14: SimulationControl | L14: all fields | M14: Yes | N14: Operation.py:468
A15: M14 | B15: Timestep | C15: – | D15: – | E15: – | F15: – | G15: HB.HBDefaultSimulationParameter | H15: 6 per hour (nb attempt to set 4 has no effect) | I15: SimulationParameter | J15: timestep | K15: Timestep | L15: Number_of_Timesteps_per_Hour | M15: Yes | N15: Operation.py:531 | O15: baseline 6, calibrated 4 | P15: baseline 6, calibrated 4
A16: M15 | B16: Run period | C16: – | D16: – | E16: – | F16: – | G16: HB default + Eppy at run time | H16: IDF: 1/1–31/12/2017, start Monday; overwritten to 2024 by Eppy.EnergyPlus_RunSimulation | I16: RunPeriod | J16: start/end date | K16: RunPeriod | L16: Begin/End Month/Day/Year | M16: Yes | N16: Operation.py:1132 | Q16: Paper: monitoring period 1/2/2024–31/1/2025.
A17: M16 | B17: Daylight saving / holidays | C17: – | D17: – | E17: – | F17: – | G17: HB default | H17: DST 12/3–5/11; holidays 1/1 and 4/7 | I17: RunPeriod | J17: daylight_saving_time, holidays | K17: RunPeriodControl:DaylightSavingTime / :SpecialDays | L17: Start/End Date | M17: Yes | N17: Operation.py:482 | Q17: US defaults (4 July); Italian DST is last Sun of March → last Sun of October.
A18: M17 | B18: Shadow calculation | C18: – | D18: – | E18: – | F18: – | G18: HB.HBDefaultSimulationParameter | H18: PolygonClipping, Periodic, every 30 days, max 15 000 figures | I18: ShadowCalculation | J18: – | K18: ShadowCalculation | L18: all fields | M18: Yes | N18: Operation.py:507
A19: M18 | B19: Sizing | C19: – | D19: – | E19: – | F19: – | G19: HB default + DDY | H19: heating factor 1.25, cooling factor 1.15; design days from ITA_LM_Grigna.Settentrion.160700_TMYx.ddy (99.6 % htg DB, 0.4 % clg DP) | I19: SizingParameter | J19: – | K19: Sizing:Parameters + SizingPeriod:DesignDay | L19: – | M19: Yes | N19: Operation.py:516; nb 'add_from_ddy_996_004'
A20: M19 | B20: Weather | C20: – | D20: – | E20: – | F20: – | G20: EPW | H20: data/weather/Lecco_IT-hour.epw | I20: – | J20: – | K20: (simulation input) | L20: – | M20: Yes | N20: Eppy.EnergyPlus_RunSimulation
A21: M20 | B21: Outputs | C21: – | D21: – | E21: – | F21: – | G21: Eppy.DigitManOutputVariables + nb | H21: Zone Ideal Loads Zone Total Heating/Cooling Energy, Zone Electric Equipment Electricity Energy, Zone Lights Electricity Energy, Zone People Occupant Count, Zone Mean Air / Air / Mean Radiant / Operative Temperature | I21: SimulationOutput | J21: outputs | K21: Output:Variable | L21: Variable_Name, Reporting_Frequency = Hourly | M21: Yes | N21: Eppy.IdfSetOutputVariables | Q21: Calibration uses ZONE18 Mean Radiant Temperature (B10).

Sheet Val_SpaceTypes
A1: Building | B1: pr_OccupancyType | C1: N cells | D1: pr_OccupancyType_Number | E1: pr_IsOccupied | F1: pr_IsHeated | G1: pr_IsCooled | H1: pr_IsMechanicallyVentilated | I1: pr_IsNaturallyVentilated | J1: pr_ArtificialLighting | K1: pr_OccupancyDensityOperation | L1: pr_OccupancyDensitySafety | M1: pr_LightingPowerDensity | N1: pr_EquipmentPowerDensity | O1: pr_Illuminance | P1: pr_MechanicalVentilationRate | Q1: pr_MechanicalVentilationRatePerPerson | R1: pr_MechanicalVentilationRatePerVolume | S1: pr_SpaceTemperatureSummerMax | T1: pr_SpaceTemperatureSummerMin | U1: pr_SpaceTemperatureWinterMax | V1: pr_SpaceTemperatureWinterMin | W1: pr_HumidityMax | X1: pr_HumidityMin | Y1: pr_SpaceWindLoadRating | Z1: rl_IsScheduledBy_Occupancy (IFC) | AA1: rl_IsScheduledBy_Lighting (IFC) | AB1: rl_IsScheduledBy_Equipment (IFC) | AC1: rl_IsScheduledBy_Heating (IFC) | AD1: rl_IsScheduledBy_Cooling (IFC) | AE1: rl_IsScheduledBy_Ventilation (IFC)
A2: B09 | B2: CommerceActivitySpaces:OfficeSpaces | C2: 1 | D2: 2 | E2: 1 | F2: 1 | G2: 1 | H2: 1 | I2: 0 | J2: 1 | K2: 0.12 | L2: 0.4 | M2: 7 | N2: Undefined | O2: 500 | P2: 0.68599 | Q2: 7 | R2: 0 | S2: 26 | T2: 23 | U2: 23.5 | V2: 18 | W2: 70 | X2: 40 | Y2: Undefined | Z2: OccSch_Unoccupied (×1) | AA2: LghSch_Costant (×1) | AB2: EqpSch_Costant (×1) | AC2: HtnSch_AHU (×1) | AD2: ClnSch_AHU (×1) | AE2: VntSch_AHU (×1)
A3: B09 | B3: EducationandTrainingSpaces:LectureHall(FixedSeats) | C3: 19 | D3: 5 | E3: 1 | F3: 1 | G3: 1 | H3: 1 | I3: 0 | J3: 1 | K3: 0.6 | L3: 1.2 | M3: 6 | N3: Undefined | O3: 300 | P3: 0.33794–5.80349 (17 distinct) | Q3: 7 | R3: 0 | S3: 26 | T3: 23 | U3: 23.5 | V3: 18 | W3: 70 | X3: 40 | Y3: A4 (×18); Undefined (×1) | Z3: OccSch_B0.1 (×2); OccSch_B0.7 (×1); OccSch_B0.6 (×1); OccSch_Unoccupied (×1); OccSch_B0.5 (×1); OccSch_B1.3 (×1); OccSch_B0.4 (×1); OccSch_B0.3 (×1); OccSch_B0.2 (×1); OccSch_B1.5 (×1); OccSch_B1.4 (×1); OccSch_B1.2 (×1); OccSch_B1.1 (×1); OccSch_B2.4 (×1); OccSch_B2.3 (×1); OccSch_B2.6 (×1); OccSch_B2.5 (×1); OccSch_B2.2 (×1) | AA3: LghSch_Costant;LghSch_B0.1 (×2); LghSch_Costant;LghSch_B0.7 (×1); LghSch_Costant;LghSch_B0.6 (×1); LghSch_Costant (×1); LghSch_Costant;LghSch_B0.5 (×1); LghSch_Costant;LghSch_B1.3 (×1); LghSch_Costant;LghSch_B0.4 (×1); LghSch_Costant;LghSch_B0.3 (×1); LghSch_Costant;LghSch_B0.2 (×1); LghSch_Costant;LghSch_B1.5 (×1); LghSch_Costant;LghSch_B1.4 (×1); LghSch_Costant;LghSch_B1.2 (×1); LghSch_Costant;LghSch_B1.1 (×1); LghSch_Costant;LghSch_B2.4 (×1); LghSch_Costant;LghSch_B2.3 (×1); LghSch_Costant;LghSch_B2.6 (×1); LghSch_Costant;LghSch_B2.5 (×1); LghSch_Costant;LghSch_B2.2 (×1) | AB3: EqpSch_Costant;EqpSch_B0.1 (×2); EqpSch_Costant;EqpSch_B0.7 (×1); EqpSch_Costant;EqpSch_B0.6 (×1); EqpSch_Costant (×1); EqpSch_Costant;EqpSch_B0.5 (×1); EqpSch_Costant;EqpSch_B1.3 (×1); EqpSch_Costant;EqpSch_B0.4 (×1); EqpSch_Costant;EqpSch_B0.3 (×1); EqpSch_Costant;EqpSch_B0.2 (×1); EqpSch_Costant;EqpSch_B1.5 (×1); EqpSch_Costant;EqpSch_B1.4 (×1); EqpSch_Costant;EqpSch_B1.2 (×1); EqpSch_Costant;EqpSch_B1.1 (×1); EqpSch_Costant;EqpSch_B2.4 (×1); EqpSch_Costant;EqpSch_B2.3 (×1); EqpSch_Costant;EqpSch_B2.6 (×1); EqpSch_Costant;EqpSch_B2.5 (×1); EqpSch_Costant;EqpSch_B2.2 (×1) | AC3: HtnSch_AHU (×19) | AD3: ClnSch_AHU (×19) | AE3: VntSch_AHU (×19)
A4: B09 | B4: EducationandTrainingSpaces:Research/Non-ClassClassLaboratory | C4: 23 | D4: 6 | E4: 1 | F4: 1 | G4: 1 | H4: 1 | I4: 0 | J4: 1 | K4: 0.3 | L4: 0.4 | M4: 6 | N4: Undefined | O4: 300 | P4: 1.47905–1.90732 (23 distinct) | Q4: 7 | R4: 0 | S4: 26 | T4: 23 | U4: 23.5 | V4: 18 | W4: 70 | X4: 40 | Y4: A4 | Z4: OccSch_Unoccupied (×23) | AA4: LghSch_Costant (×23) | AB4: EqpSch_Costant (×23) | AC4: HtnSch_AHU (×23) | AD4: ClnSch_AHU (×23) | AE4: VntSch_AHU (×23)
A5: B09 | B5: EducationandTrainingSpaces:StudyRoom | C5: 1 | D5: 4 | E5: 1 | F5: 1 | G5: 1 | H5: 1 | I5: 0 | J5: 1 | K5: 0.6 | L5: 1.2 | M5: 6 | N5: Undefined | O5: 300 | P5: 3.73838 | Q5: 7 | R5: 0 | S5: 26 | T5: 23 | U5: 23.5 | V5: 18 | W5: 70 | X5: 40 | Y5: Undefined | Z5: OccSch_Unoccupied (×1) | AA5: LghSch_Costant (×1) | AB5: EqpSch_Costant (×1) | AC5: HtnSch_AHU (×1) | AD5: ClnSch_AHU (×1) | AE5: VntSch_AHU (×1)
A6: B09 | B6: FacilityServiceSpaces:Corridor | C6: 8 | D6: 13 | E6: 1 | F6: 1 | G6: 1 | H6: 1 | I6: 0 | J6: 1 | K6: 0 | L6: 0 | M6: 6 | N6: Undefined | O6: 300 | P6: 0 | Q6: 7 | R6: 0 | S6: 26 | T6: 23 | U6: 23.5 | V6: 18 | W6: 70 | X6: 40 | Y6: Undefined | Z6: OccSch_Unoccupied (×8) | AA6: LghSch_Unoccupied (×7); LghSch_Costant (×1) | AB6: EqpSch_Unoccupied (×7); EqpSch_Costant (×1) | AC6: HtnSch_AHU (×5); None (×3) | AD6: ClnSch_AHU (×5); None (×3) | AE6: VntSch_AHU (×5); None (×3)
A7: B09 | B7: FacilityServiceSpaces:ElevatorShaft | C7: 12 | D7: 9 | E7: 0 | F7: 0 | G7: 0 | H7: 0 | I7: 0 | J7: 1 | K7: 0 | L7: 0 | M7: 6 | N7: Undefined | O7: 300 | P7: 1 | Q7: 0 | R7: 1 | S7: Undefined | T7: Undefined | U7: Undefined | V7: Undefined | W7: 70 | X7: 40 | Y7: Undefined | Z7: None (×12) | AA7: None (×12) | AB7: None (×12) | AC7: None (×12) | AD7: None (×12) | AE7: None (×12)
A8: B09 | B8: FacilityServiceSpaces:HorizontalInfrastructure/ServiceSpaceNon-Occupied | C8: 56 | D8: 12 | E8: 0 | F8: 1 | G8: 1 | H8: 1 | I8: 0 | J8: 1 | K8: 0 | L8: 0 | M8: 6 | N8: Undefined | O8: 300 | P8: 0–1332.16 (16 distinct) | Q8: 7 | R8: 0 | S8: 26 | T8: 23 | U8: 23.5 | V8: 18 | W8: 70 | X8: 40 | Y8: None (×27); A4 (×17); Undefined (×12) | Z8: None (×55); OccSch_Unoccupied (×1) | AA8: None (×55); LghSch_Costant (×1) | AB8: None (×55); EqpSch_Costant (×1) | AC8: None (×51); HtnSch_AHU (×5) | AD8: None (×51); ClnSch_AHU (×5) | AE8: None (×51); VntSch_AHU (×5)
A9: B09 | B9: FacilityServiceSpaces:Restroom | C9: 12 | D9: 11 | E9: 0 | F9: 1 | G9: 1 | H9: 1 | I9: 0 | J9: 1 | K9: Undefined | L9: 0 | M9: 6 | N9: Undefined | O9: Undefined | P9: 8 | Q9: 0 | R9: 8 | S9: 26 | T9: 23 | U9: 23.5 | V9: 18 | W9: Undefined | X9: Undefined | Y9: Undefined | Z9: OccSch_Unoccupied (×12) | AA9: LghSch_Costant (×12) | AB9: EqpSch_Costant (×12) | AC9: HtnSch_AHU (×9); None (×3) | AD9: ClnSch_AHU (×9); None (×3) | AE9: VntSch_AHU (×9); None (×3)
A10: B09 | B10: FacilityServiceSpaces:Stairway | C10: 9 | D10: 8 | E10: 0 | F10: 0 | G10: 0 | H10: 0 | I10: 0 | J10: 1 | K10: 0 | L10: 0 | M10: 6 | N10: Undefined | O10: 150 | P10: 1 | Q10: 0 | R10: 1 | S10: Undefined | T10: Undefined | U10: Undefined | V10: Undefined | W10: 70 | X10: 40 | Y10: Undefined (×7); None (×2) | Z10: OccSch_Unoccupied (×7); None (×2) | AA10: LghSch_Unoccupied (×7); None (×2) | AB10: EqpSch_Unoccupied (×7); None (×2) | AC10: HtnSch_AHU (×7); None (×2) | AD10: ClnSch_AHU (×7); None (×2) | AE10: VntSch_AHU (×7); None (×2)
A11: B09 | B11: FacilityServiceSpaces:UtilityEquipmentRoom | C11: 13 | D11: 10 | E11: 0 | F11: 1 | G11: 1 | H11: 1 | I11: 0 | J11: 1 | K11: 0 | L11: 0 | M11: 6 | N11: Undefined | O11: 300 | P11: 0 | Q11: 7 | R11: 0 | S11: 26 | T11: 23 | U11: 23.5 | V11: 18 | W11: 70 | X11: 40 | Y11: Undefined (×12); A4 (×1) | Z11: OccSch_Unoccupied (×12); None (×1) | AA11: LghSch_Costant (×12); None (×1) | AB11: EqpSch_Costant (×12); None (×1) | AC11: None (×9); HtnSch_AHU (×4) | AD11: None (×9); ClnSch_AHU (×4) | AE11: None (×9); VntSch_AHU (×4)
A12: B09 | B12: StorageSpaces:GeneralStorageSpace | C12: 1 | D12: 20 | E12: 0 | F12: 1 | G12: 1 | H12: 1 | I12: 0 | J12: 1 | K12: 0 | L12: 0 | M12: 6 | N12: Undefined | O12: 200 | P12: 0 | Q12: 7 | R12: 0 | S12: 26 | T12: 23 | U12: 23.5 | V12: 18 | W12: 70 | X12: 40 | Y12: Undefined | Z12: OccSch_Unoccupied (×1) | AA12: LghSch_Costant (×1) | AB12: EqpSch_Costant (×1) | AC12: HtnSch_AHU (×1) | AD12: ClnSch_AHU (×1) | AE12: VntSch_AHU (×1)
A13: B10 | B13: EducationandTrainingSpaces:LectureHall(FixedSeats) | C13: 4 | D13: 5 | E13: 1 | F13: 1 | G13: 1 | H13: 1 | I13: 0 | J13: 1 | K13: 0.6 | L13: 1.2 | M13: 6 | N13: Undefined | O13: 300 | P13: 1.44286 / 1.56475 / 2.97108 / 3.3027 | Q13: 7 | R13: 0 | S13: 26 | T13: 23 | U13: 23.5 | V13: 18 | W13: 70 | X13: 40 | Y13: A4 (×3); Undefined (×1) | Z13: OccSch_A1.3 (×1); OccSch_A1.2 (×1); OccSch_A1.1 (×1); OccSch_A0.1/A0.2 (×1) | AA13: LghSch_A1.3;LghSch_Costant (×1); LghSch_A1.2;LghSch_Costant (×1); LghSch_A1.1;LghSch_Costant (×1); LghSch_A0.1/A0.2;LghSch_Costant (×1) | AB13: EqpSch_A1.3;EqpSch_Costant (×1); EqpSch_A1.2;EqpSch_Costant (×1); EqpSch_A1.1;EqpSch_Costant (×1); EqpSch_A0.1/A0.2;EqpSch_Costant (×1) | AC13: HtnSch_AHU (×4) | AD13: ClnSch_AHU (×4) | AE13: VntSch_AHU (×4)
... A24: B10 | B24: StorageSpaces:GeneralStorageSpace | C24: 3 | D24: 20 | E24: 0 | F24: 1 | G24: 1 | H24: 1 | I24: 0 | J24: 1 | K24: 0 | L24: 0 | M24: 6 | N24: Undefined | O24: 200 | P24: 0 | Q24: 7 | R24: 0 | S24: 26 | T24: 23 | U24: 23.5 | V24: 18 | W24: 70 | X24: 40 | Y24: None (×2); Undefined (×1) | Z24: OccSch_Unoccupied (×3) | AA24: LghSch_Unoccupied (×2); LghSch_Costant (×1) | AB24: EqpSch_Costant (×3) | AC24: None (×2); HtnSch_AHU (×1) | AD24: None (×2); ClnSch_AHU (×1) | AE24: None (×2); VntSch_AHU (×1)

Sheet Val_Zones
A1: Building | B1: Zone (E+ Zone.Name) | C1: People/Area (person/m²) | D1: Occupancy schedule | E1: Lights (W/m²) | F1: Lighting schedule – baseline | G1: Equipment (W/m²) – baseline | H1: Equipment (W/m²) – calibrated | I1: Equipment schedule | J1: OA per person (m³/s·p) | K1: OA per person (L/s·p) | L1: OA per floor area (m³/s·m²) | M1: OA per floor area (L/s·m²) | N1: OA method | O1: System availability | P1: Heating availability | Q1: Cooling availability | R1: Dehumidification setpoint (%) | S1: Humidification setpoint (%) | T1: Thermostat heating schedule | U1: Thermostat cooling schedule | V1: Infiltration (m³/s per m² ext.) | W1: N opaque surfaces | X1: N fenestration surfaces
A2: B09 | B2: debugZone0 | C2: 0 | D2: OccSch_Unoccupied | E2: 6 | F2: LghSch_Costant | G2: 0 | H2: 2 | I2: EqpSch_Costant | J2: 0 | K2: =IF(J2="","",J2*1000) | L2: 0 | M2: =IF(L2="","",L2*1000) | N2: Maximum | O2: AlwaysOff | P2: AlwaysOff | Q2: AlwaysOff | R2: 70 | S2: 40 | T2: Generic room Heating | U2: Generic room Cooling | V2: 0.0001 | W2: 6 | X2: 0
A3: B09 | B3: debugZone1 | C3: 0 | D3: OccSch_Unoccupied | E3: 6 | F3: LghSch_Costant | G3: 0 | H3: 2 | I3: EqpSch_Costant | J3: 0 | K3: =IF(J3="","",J3*1000) | L3: 0 | M3: =IF(L3="","",L3*1000) | N3: Maximum | O3: AlwaysOff | P3: AlwaysOff | Q3: AlwaysOff | R3: 70 | S3: 40 | T3: Generic room Heating | U3: Generic room Cooling | V3: 0.0001 | W3: 6 | X3: 0
A4: B09 | B4: debugZone10 | C4: 0.3 | D4: OccSch_Unoccupied | E4: 6 | F4: LghSch_Costant | G4: 0 | H4: 2 | I4: EqpSch_Costant | J4: 0.007 | K4: =IF(J4="","",J4*1000) | L4: 0.00176911 | M4: =IF(L4="","",L4*1000) | N4: Maximum | O4: VntSch_AHU | P4: HtnSch_AHU | Q4: ClnSch_AHU | R4: 70 | S4: 40 | T4: Generic room Heating | U4: Generic room Cooling | V4: 0.0001 | W4: 6 | X4: 0
A5: B09 | B5: debugZone11 | C5: 0 | D5: OccSch_Unoccupied | E5: 6 | F5: LghSch_Costant | G5: 0 | H5: 2 | I5: EqpSch_Costant | J5: 0 | K5: =IF(J5="","",J5*1000) | L5: 0 | M5: =IF(L5="","",L5*1000) | N5: Maximum | O5: VntSch_AHU | P5: HtnSch_AHU | Q5: ClnSch_AHU | R5: 70 | S5: 40 | T5: Generic room Heating | U5: Generic room Cooling | V5: 0.0001 | W5: 6 | X5: 0
A6: B09 | B6: debugZone2 | C6: 0 | D6: OccSch_Unoccupied | E6: 6 | F6: LghSch_Costant | G6: 0 | H6: 2 | I6: EqpSch_Costant | J6: 0 | K6: =IF(J6="","",J6*1000) | L6: 0 | M6: =IF(L6="","",L6*1000) | N6: Maximum | O6: AlwaysOff | P6: AlwaysOff | Q6: AlwaysOff | R6: 70 | S6: 40 | T6: Generic room Heating | U6: Generic room Cooling | V6: 0.0001 | W6: 8 | X6: 0
A7: B09 | B7: debugZone3 | C7: 0 | D7: OccSch_Unoccupied | E7: 6 | F7: LghSch_Costant | G7: 0 | H7: 2 | I7: EqpSch_Costant | J7: 0 | K7: =IF(J7="","",J7*1000) | L7: 0 | M7: =IF(L7="","",L7*1000) | N7: Maximum | O7: AlwaysOff | P7: AlwaysOff | Q7: AlwaysOff | R7: 70 | S7: 40 | T7: Generic room Heating | U7: Generic room Cooling | V7: 0.0001 | W7: 6 | X7: 0
A8: B09 | B8: debugZone4 | C8: 0.3 | D8: OccSch_Unoccupied | E8: 6 | F8: LghSch_Costant | G8: 0 | H8: 2 | I8: EqpSch_Costant | J8: 0.007 | K8: =IF(J8="","",J8*1000) | L8: 0.00166298 | M8: =IF(L8="","",L8*1000) | N8: Maximum | O8: VntSch_AHU | P8: HtnSch_AHU | Q8: ClnSch_AHU | R8: 70 | S8: 40 | T8: Generic room Heating | U8: Generic room Cooling | V8: 0.0001 | W8: 6 | X8: 0
A9: B09 | B9: debugZone5 | C9: 0.3 | D9: OccSch_Unoccupied | E9: 6 | F9: LghSch_Costant | G9: 0 | H9: 2 | I9: EqpSch_Costant | J9: 0.007 | K9: =IF(J9="","",J9*1000) | L9: 0.00148361 | M9: =IF(L9="","",L9*1000) | N9: Maximum | O9: VntSch_AHU | P9: HtnSch_AHU | Q9: ClnSch_AHU | R9: 70 | S9: 40 | T9: Generic room Heating | U9: Generic room Cooling | V9: 0.0001 | W9: 6 | X9: 0
A10: B09 | B10: debugZone6 | C10: 0.3 | D10: OccSch_Unoccupied | E10: 6 | F10: LghSch_Costant | G10: 0 | H10: 2 | I10: EqpSch_Costant | J10: 0.007 | K10: =IF(J10="","",J10*1000) | L10: 0.00186004 | M10: =IF(L10="","",L10*1000) | N10: Maximum | O10: VntSch_AHU | P10: HtnSch_AHU | Q10: ClnSch_AHU | R10: 70 | S10: 40 | T10: Generic room Heating | U10: Generic room Cooling | V10: 0.0001 | W10: 8 | X10: 0
A11: B09 | B11: debugZone7 | C11: 0.3 | D11: OccSch_Unoccupied | E11: 6 | F11: LghSch_Costant | G11: 0 | H11: 2 | I11: EqpSch_Costant | J11: 0.007 | K11: =IF(J11="","",J11*1000) | L11: 0.00180586 | M11: =IF(L11="","",L11*1000) | N11: Maximum | O11: VntSch_AHU | P11: HtnSch_AHU | Q11: ClnSch_AHU | R11: 70 | S11: 40 | T11: Generic room Heating | U11: Generic room Cooling | V11: 0.0001 | W11: 9 | X11: 0
A12: B09 | B12: debugZone8 | C12: 0.3 | D12: OccSch_Unoccupied | E12: 6 | F12: LghSch_Costant | G12: 0 | H12: 2 | I12: EqpSch_Costant | J12: 0.007 | K12: =IF(J12="","",J12*1000) | L12: 0.00177924 | M12: =IF(L12="","",L12*1000) | N12: Maximum | O12: VntSch_AHU | P12: HtnSch_AHU | Q12: ClnSch_AHU | R12: 70 | S12: 40 | T12: Generic room Heating | U12: Generic room Cooling | V12: 0.0001 | W12: 6 | X12: 0
A13: B09 | B13: debugZone9 | C13: 0.3 | D13: OccSch_Unoccupied | E13: 6 | F13: LghSch_Costant | G13: 0 | H13: 2 | I13: EqpSch_Costant | J13: 0.007 | K13: =IF(J13="","",J13*1000) | L13: 0.00175182 | M13: =IF(L13="","",L13*1000) | N13: Maximum | O13: VntSch_AHU | P13: HtnSch_AHU | Q13: ClnSch_AHU | R13: 70 | S13: 40 | T13: Generic room Heating | U13: Generic room Cooling | V13: 0.0001 | W13: 6 | X13: 0
... A86: B10 | B86: zone19 | C86: 0.6 | D86: OccSch_A0.1/A0.2 | E86: 6 | F86: LghSch_A0.1/A0.2 | G86: 0 | H86: 10 | I86: EqpSch_A0.1/A0.2 | J86: 0.007 | K86: =IF(J86="","",J86*1000) | L86: 0.00156475 | M86: =IF(L86="","",L86*1000) | N86: Maximum | O86: VntSch_AHU | P86: HtnSch_AHU | Q86: ClnSch_AHU | R86: 70 | S86: 40 | T86: Generic room Heating | U86: Generic room Cooling | V86: 0.0001 | W86: 11 | X86: 4

Sheet Val_Constructions
A1: Building | B1: Construction | C1: Category | D1: Source | E1: IFC elements with this type | F1: N layers | G1: Total thickness (m) | H1: Rsi (m²K/W) | I1: Rse (m²K/W) | J1: R layers (m²K/W) | K1: U (W/m²K) | L1: N surfaces in IDF | M1: Surface types | N1: Outdoors | O1: Ground | P1: Adiabatic | Q1: Surface (interzone)
A2: B09 | B2: Generic Interior Wall | C2: Internal partition | D2: HB default (no BIM match) | E2: 0 | F2: 3 | G2: =SUMIFS(Val_Layers!$F$2:$F$220,Val_Layers!$A$2:$A$220,A2,Val_Layers!$B$2:$B$220,B2) | H2: 0.13 | I2: 0.13 | J2: =SUMIFS(Val_Layers!$N$2:$N$220,Val_Layers!$A$2:$A$220,A2,Val_Layers!$B$2:$B$220,B2) | K2: =1/(H2+J2+I2) | L2: 94 | M2: Wall (×94) | N2: 0 | O2: 0 | P2: 0 | Q2: 94
A3: B09 | B3: Generic Interior Floor | C3: Internal floor | D3: HB default (no BIM match) | E3: 0 | F3: 3 | G3: =SUMIFS(Val_Layers!$F$2:$F$220,Val_Layers!$A$2:$A$220,A3,Val_Layers!$B$2:$B$220,B3) | H3: 0.1 | I3: 0.1 | J3: =SUMIFS(Val_Layers!$N$2:$N$220,Val_Layers!$A$2:$A$220,A3,Val_Layers!$B$2:$B$220,B3) | K3: =1/(H3+J3+I3) | L3: 360 | M3: Wall (×225); Floor (×135) | N3: 0 | O3: 0 | P3: 0 | Q3: 360
A4: B09 | B4: Generic Ground Slab | C4: Ground floor | D4: HB default (no BIM match) | E4: 0 | F4: 2 | G4: =SUMIFS(Val_Layers!$F$2:$F$220,Val_Layers!$A$2:$A$220,A4,Val_Layers!$B$2:$B$220,B4) | H4: 0.17 | I4: 0 | J4: =SUMIFS(Val_Layers!$N$2:$N$220,Val_Layers!$A$2:$A$220,A4,Val_Layers!$B$2:$B$220,B4) | K4: =1/(H4+J4+I4) | L4: 1 | M4: Floor (×1) | N4: 0 | O4: 1 | P4: 0 | Q4: 0
A5: B09 | B5: WL_POLIMI-LC_EW04 | C5: External wall | D5: IFC IfcMaterialLayerSet | E5: 14 | F5: 7 | G5: =SUMIFS(Val_Layers!$F$2:$F$220,Val_Layers!$A$2:$A$220,A5,Val_Layers!$B$2:$B$220,B5) | H5: 0.13 | I5: 0.04 | J5: =SUMIFS(Val_Layers!$N$2:$N$220,Val_Layers!$A$2:$A$220,A5,Val_Layers!$B$2:$B$220,B5) | K5: =1/(H5+J5+I5) | L5: 11 | M5: Wall (×11) | N5: 11 | O5: 0 | P5: 0 | Q5: 0
A6: B09 | B6: WL_POLIMI-LC_EW01 | C6: External wall | D6: IFC IfcMaterialLayerSet | E6: 3 | F6: 8 | G6: =SUMIFS(Val_Layers!$F$2:$F$220,Val_Layers!$A$2:$A$220,A6,Val_Layers!$B$2:$B$220,B6) | H6: 0.13 | I6: 0.04 | J6: =SUMIFS(Val_Layers!$N$2:$N$220,Val_Layers!$A$2:$A$220,A6,Val_Layers!$B$2:$B$220,B6) | K6: =1/(H6+J6+I6) | L6: 3 | M6: Wall (×3) | N6: 2 | O6: 0 | P6: 1 | Q6: 0
A7: B09 | B7: WL_POLIMI-LC_EW03 | C7: External wall | D7: IFC IfcMaterialLayerSet | E7: 67 | F7: 9 | G7: =SUMIFS(Val_Layers!$F$2:$F$220,Val_Layers!$A$2:$A$220,A7,Val_Layers!$B$2:$B$220,B7) | H7: 0.13 | I7: 0.04 | J7: =SUMIFS(Val_Layers!$N$2:$N$220,Val_Layers!$A$2:$A$220,A7,Val_Layers!$B$2:$B$220,B7) | K7: =1/(H7+J7+I7) | L7: 13 | M7: Wall (×13) | N7: 13 | O7: 0 | P7: 0 | Q7: 0
A8: B09 | B8: WL_POLIMI-LC_EW05 | C8: External wall | D8: IFC IfcMaterialLayerSet | E8: 34 | F8: 9 | G8: =SUMIFS(Val_Layers!$F$2:$F$220,Val_Layers!$A$2:$A$220,A8,Val_Layers!$B$2:$B$220,B8) | H8: 0.13 | I8: 0.04 | J8: =SUMIFS(Val_Layers!$N$2:$N$220,Val_Layers!$A$2:$A$220,A8,Val_Layers!$B$2:$B$220,B8) | K8: =1/(H8+J8+I8) | L8: 36 | M8: Wall (×36) | N8: 34 | O8: 0 | P8: 0 | Q8: 2
A9: B09 | B9: WL_POLIMI-LC_EW02 | C9: External wall | D9: IFC IfcMaterialLayerSet | E9: 9 | F9: 8 | G9: =SUMIFS(Val_Layers!$F$2:$F$220,Val_Layers!$A$2:$A$220,A9,Val_Layers!$B$2:$B$220,B9) | H9: 0.13 | I9: 0.04 | J9: =SUMIFS(Val_Layers!$N$2:$N$220,Val_Layers!$A$2:$A$220,A9,Val_Layers!$B$2:$B$220,B9) | K9: =1/(H9+J9+I9) | L9: 156 | M9: Wall (×156) | N9: 147 | O9: 5 | P9: 4 | Q9: 0
A10: B09 | B10: WL_POLIMI-LC_FC300-2 | C10: External wall | D10: IFC IfcMaterialLayerSet | E10: 69 | F10: 5 | G10: =SUMIFS(Val_Layers!$F$2:$F$220,Val_Layers!$A$2:$A$220,A10,Val_Layers!$B$2:$B$220,B10) | H10: 0.13 | I10: 0.04 | J10: =SUMIFS(Val_Layers!$N$2:$N$220,Val_Layers!$A$2:$A$220,A10,Val_Layers!$B$2:$B$220,B10) | K10: =1/(H10+J10+I10) | L10: 54 | M10: Wall (×54) | N10: 36 | O10: 12 | P10: 0 | Q10: 6
A11: B09 | B11: WL_POLIMI-LC_FC300-3 | C11: External wall | D11: IFC IfcMaterialLayerSet | E11: 11 | F11: 8 | G11: =SUMIFS(Val_Layers!$F$2:$F$220,Val_Layers!$A$2:$A$220,A11,Val_Layers!$B$2:$B$220,B11) | H11: 0.13 | I11: 0.04 | J11: =SUMIFS(Val_Layers!$N$2:$N$220,Val_Layers!$A$2:$A$220,A11,Val_Layers!$B$2:$B$220,B11) | K11: =1/(H11+J11+I11) | L11: 21 | M11: Wall (×21) | N11: 1 | O11: 0 | P11: 0 | Q11: 20
A12: B09 | B12: WL_POLIMI-LC_IW02 | C12: Internal partition | D12: IFC IfcMaterialLayerSet | E12: 202 | F12: 7 | G12: =SUMIFS(Val_Layers!$F$2:$F$220,Val_Layers!$A$2:$A$220,A12,Val_Layers!$B$2:$B$220,B12) | H12: 0.13 | I12: 0.13 | J12: =SUMIFS(Val_Layers!$N$2:$N$220,Val_Layers!$A$2:$A$220,A12,Val_Layers!$B$2:$B$220,B12) | K12: =1/(H12+J12+I12) | L12: 448 | M12: Wall (×448) | N12: 2 | O12: 0 | P12: 0 | Q12: 446
A13: B09 | B13: WL_POLIMI-LC_IW03 | C13: Internal partition | D13: IFC IfcMaterialLayerSet | E13: 195 | F13: 3 | G13: =SUMIFS(Val_Layers!$F$2:$F$220,Val_Layers!$A$2:$A$220,A13,Val_Layers!$B$2:$B$220,B13) | H13: 0.13 | I13: 0.13 | J13: =SUMIFS(Val_Layers!$N$2:$N$220,Val_Layers!$A$2:$A$220,A13,Val_Layers!$B$2:$B$220,B13) | K13: =1/(H13+J13+I13) | L13: 255 | M13: Wall (×255) | N13: 135 | O13: 0 | P13: 0 | Q13: 120
... A37: B10 | B37: RF_POLIMI-LC_IH-E | C37: Roof | D37: Notebook (manual layers) | E37: 12 | F37: 4 | G37: =SUMIFS(Val_Layers!$F$2:$F$220,Val_Layers!$A$2:$A$220,A37,Val_Layers!$B$2:$B$220,B37) | H37: 0.1 | I37: 0.04 | J37: =SUMIFS(Val_Layers!$N$2:$N$220,Val_Layers!$A$2:$A$220,A37,Val_Layers!$B$2:$B$220,B37) | K37: =1/(H37+J37+I37) | L37: 17 | M37: Roof (×15); Wall (×2) | N37: 17 | O37: 0 | P37: 0 | Q37: 0

Sheet Val_Layers
A1: Building | B1: Construction | C1: Layer # (outside → inside) | D1: Material (E+ name) | E1: Material (IFC name) | F1: Thickness (m) | G1: Conductivity λ (W/m·K) | H1: Density ρ (kg/m³) | I1: Specific heat c (J/kg·K) | J1: Thermal absorptance | K1: Solar absorptance | L1: Visible absorptance | M1: Roughness | N1: R = d/λ (m²K/W)
A2: B09 | B2: Generic Interior Wall | C2: 1 | D2: Generic Gypsum Board | E2: Generic Gypsum Board | F2: 0.0127 | G2: 0.16 | H2: 800 | I2: 1090 | J2: 0.9 | K2: 0.5 | L2: 0.5 | M2: MediumSmooth | N2: =IF(G2>0,F2/G2,0)
A3: B09 | B3: Generic Interior Wall | C3: 2 | D3: Generic Wall Air Gap | E3: Generic Wall Air Gap | F3: 0.1 | G3: 0.667 | H3: 1.28 | I3: 1000 | J3: 0.9 | K3: 0.7 | L3: 0.7 | M3: Smooth | N3: =IF(G3>0,F3/G3,0)
A4: B09 | B4: Generic Interior Wall | C4: 3 | D4: Generic Gypsum Board | E4: Generic Gypsum Board | F4: 0.0127 | G4: 0.16 | H4: 800 | I4: 1090 | J4: 0.9 | K4: 0.5 | L4: 0.5 | M4: MediumSmooth | N4: =IF(G4>0,F4/G4,0)
A5: B09 | B5: Generic Interior Floor | C5: 1 | D5: Generic Acoustic Tile | E5: Generic Acoustic Tile | F5: 0.02 | G5: 0.06 | H5: 368 | I5: 590 | J5: 0.9 | K5: 0.2 | L5: 0.2 | M5: MediumSmooth | N5: =IF(G5>0,F5/G5,0)
A6: B09 | B6: Generic Interior Floor | C6: 2 | D6: Generic Ceiling Air Gap | E6: Generic Ceiling Air Gap | F6: 0.1 | G6: 0.556 | H6: 1.28 | I6: 1000 | J6: 0.9 | K6: 0.7 | L6: 0.7 | M6: Smooth | N6: =IF(G6>0,F6/G6,0)
A7: B09 | B7: Generic Interior Floor | C7: 3 | D7: Generic LW Concrete | E7: Generic LW Concrete | F7: 0.1 | G7: 0.53 | H7: 1280 | I7: 840 | J7: 0.9 | K7: 0.8 | L7: 0.8 | M7: MediumRough | N7: =IF(G7>0,F7/G7,0)
A8: B09 | B8: Generic Ground Slab | C8: 1 | D8: Generic 50mm Insulation | E8: Generic 50mm Insulation | F8: 0.05 | G8: 0.03 | H8: 43 | I8: 1210 | J8: 0.9 | K8: 0.7 | L8: 0.7 | M8: MediumRough | N8: =IF(G8>0,F8/G8,0)
A9: B09 | B9: Generic Ground Slab | C9: 2 | D9: Generic HW Concrete | E9: Generic HW Concrete | F9: 0.2 | G9: 1.95 | H9: 2240 | I9: 900 | J9: 0.9 | K9: 0.8 | L9: 0.8 | M9: MediumRough | N9: =IF(G9>0,F9/G9,0)
A10: B09 | B10: WL_POLIMI-LC_EW04 | C10: 1 | D10: dtu_MT_POLIMI_Pannello in alluminio-0.005 | E10: dtu_MT_POLIMI_Pannello in alluminio | F10: 0.005 | G10: 220 | H10: 2700 | I10: 896 | J10: 0.2 | K10: 0.7 | L10: 0.7 | M10: MediumRough | N10: =IF(G10>0,F10/G10,0)
A11: B09 | B11: WL_POLIMI-LC_EW04 | C11: 2 | D11: dtu_MT_POLIMI_Camera d'aria fortemente ventilata-0.035 | E11: dtu_MT_POLIMI_Camera d'aria fortemente ventilata | F11: 0.035 | G11: 0.285 | H11: 1 | I11: 1004 | J11: 0.7 | K11: 0.7 | L11: 0.7 | M11: MediumRough | N11: =IF(G11>0,F11/G11,0)
A12: B09 | B12: WL_POLIMI-LC_EW04 | C12: 3 | D12: dtu_MT_POLIMI_Isolante rigido-0.1 | E12: dtu_MT_POLIMI_Isolante rigido | F12: 0.1 | G12: 0.04 | H12: 30 | I12: 1452 | J12: 0.95 | K12: 0.7 | L12: 0.7 | M12: MediumRough | N12: =IF(G12>0,F12/G12,0)
A13: B09 | B13: WL_POLIMI-LC_EW04 | C13: 4 | D13: dtu_MT_POLIMI_Membrana impermeabilizzante-0.005 | E13: dtu_MT_POLIMI_Membrana impermeabilizzante | F13: 0.005 | G13: 0.23 | H13: 1100 | I13: 1000 | J13: 0.95 | K13: 0.7 | L13: 0.7 | M13: MediumRough | N13: =IF(G13>0,F13/G13,0)
... A220: B10 | B220: RF_POLIMI-LC_IH-E | C220: 4 | D220: dtu_MT_POLIMI_CLS-0.25 | E220: dtu_MT_POLIMI_CLS | F220: 0.25 | G220: 1.046 | H220: 2300 | I220: 657 | J220: 0.95 | K220: 0.7 | L220: 0.7 | M220: MediumRough | N220: =IF(G220>0,F220/G220,0)

Sheet Val_Glazing
A1: Building | B1: Construction (E+) | C1: BIM source | D1: Layer(s) | E1: U-factor (W/m²K) | F1: SHGC | G1: VT | H1: N fenestration surfaces | I1: N with external blind
A2: B09 | B2: Generic Double Pane | C2: HB default | D2: Generic Low-e Glass / Generic Window Air Gap / Generic Clear Glass | H2: 23 | I2: 0
A3: B09 | B3: windowConstruction_U0.9_SHGC0.67_VT0.8 | C3: IfcWindow / IfcDoor pset | D3: windowConstruction_U0.9_SHGC0.67_VT0.8 Material | E3: 0.9 | F3: 0.67 | G3: 0.8 | H3: 1 | I3: 0
A4: B09 | B4: curtainWallWindowConstruction_U0.9_SHGC0.67_VT0.8 | C4: Curtain wall (IfcWall …CurtainWall pset) | D4: curtainWallWindowConstruction_U0.9_SHGC0.67_VT0.8 Material | E4: 0.9 | F4: 0.67 | G4: 0.8 | H4: 31 | I4: 11
A5: B10 | B5: windowConstruction_U0.9_SHGC0.67_VT0.8 | C5: IfcWindow / IfcDoor pset | D5: windowConstruction_U0.9_SHGC0.67_VT0.8 Material | E5: 0.9 | F5: 0.67 | G5: 0.8 | H5: 2 | I5: 1
A6: B10 | B6: windowConstruction_U0.9_SHGC0.67_VT0.58 | C6: IfcWindow / IfcDoor pset | D6: windowConstruction_U0.9_SHGC0.67_VT0.58 Material | E6: 0.9 | F6: 0.67 | G6: 0.58 | H6: 2 | I6: 0
A7: B10 | B7: curtainWallWindowConstruction_U0.9_SHGC0.67_VT0.8 | C7: Curtain wall (IfcWall …CurtainWall pset) | D7: curtainWallWindowConstruction_U0.9_SHGC0.67_VT0.8 Material | E7: 0.9 | F7: 0.67 | G7: 0.8 | H7: 12 | I7: 1
A8: B10 | B8: curtainWallWindowConstruction_U0.9_SHGC0.67_VT0.58 | C8: Curtain wall (IfcWall …CurtainWall pset) | D8: curtainWallWindowConstruction_U0.9_SHGC0.67_VT0.58 Material | E8: 0.9 | F8: 0.67 | G8: 0.58 | H8: 9 | I8: 2

Sheet Val_Schedules
A1: Family | B1: Source | C1: Schedule id (E+ Name) | D1: N day schedules | E1: N rules | F1: Max value | G1: E+ object | H1: ScheduleTypeLimits | I1: B09: references in IDF | J1: B10: references in IDF | K1: Change in calibrated IDF (Field_1 …)
A2: Occupancy | B2: Schedules_Occupancy_PoliMi_LC.json | C2: OccSch_A0.1/A0.2 | D2: 18 | E2: 18 | F2: 0.33 | G2: Schedule:Compact | H2: occupancyScheduleTypeLimit | I2: 0 | J2: 2
A3: Occupancy | B3: Schedules_Occupancy_PoliMi_LC.json | C3: OccSch_A1.1 | D3: 18 | E3: 18 | F3: 1 | G3: Schedule:Compact | H3: occupancyScheduleTypeLimit | I3: 0 | J3: 1
A4: Occupancy | B4: Schedules_Occupancy_PoliMi_LC.json | C4: OccSch_A1.2 | D4: 18 | E4: 18 | F4: 0.59 | G4: Schedule:Compact | H4: occupancyScheduleTypeLimit | I4: 0 | J4: 1
A5: Occupancy | B5: Schedules_Occupancy_PoliMi_LC.json | C5: OccSch_A1.3 | D5: 18 | E5: 18 | F5: 0.47 | G5: Schedule:Compact | H5: occupancyScheduleTypeLimit | I5: 0 | J5: 1
A6: Occupancy | B6: Schedules_Occupancy_PoliMi_LC.json | C6: OccSch_B0.1 | D6: 18 | E6: 18 | F6: 1.07 | G6: Schedule:Compact | H6: occupancyScheduleTypeLimit | I6: 2 | J6: 0
A7: Occupancy | B7: Schedules_Occupancy_PoliMi_LC.json | C7: OccSch_B0.2 | D7: 18 | E7: 18 | F7: 0.47 | G7: Schedule:Compact | H7: occupancyScheduleTypeLimit | I7: 1 | J7: 0
A8: Occupancy | B8: Schedules_Occupancy_PoliMi_LC.json | C8: OccSch_B0.3 | D8: 18 | E8: 18 | F8: 0.39 | G8: Schedule:Compact | H8: occupancyScheduleTypeLimit | I8: 1 | J8: 0
A9: Occupancy | B9: Schedules_Occupancy_PoliMi_LC.json | C9: OccSch_B0.4 | D9: 18 | E9: 18 | F9: 0.78 | G9: Schedule:Compact | H9: occupancyScheduleTypeLimit | I9: 1 | J9: 0
A10: Occupancy | B10: Schedules_Occupancy_PoliMi_LC.json | C10: OccSch_B0.5 | D10: 18 | E10: 18 | F10: 0.31 | G10: Schedule:Compact | H10: occupancyScheduleTypeLimit | I10: 1 | J10: 0
A11: Occupancy | B11: Schedules_Occupancy_PoliMi_LC.json | C11: OccSch_B0.6 | D11: 18 | E11: 18 | F11: 0.44 | G11: Schedule:Compact | H11: occupancyScheduleTypeLimit | I11: 1 | J11: 0
A12: Occupancy | B12: Schedules_Occupancy_PoliMi_LC.json | C12: OccSch_B0.7 | D12: 18 | E12: 18 | F12: 0.77 | G12: Schedule:Compact | H12: occupancyScheduleTypeLimit | I12: 1 | J12: 0
A13: Occupancy | B13: Schedules_Occupancy_PoliMi_LC.json | C13: OccSch_B1.1 | D13: 18 | E13: 18 | F13: 0.75 | G13: Schedule:Compact | H13: occupancyScheduleTypeLimit | I13: 1 | J13: 0
... A70: Lighting | B70: Schedules_Lighting_PoliMi_LC.json | C70: LghSch_Unoccupied | D70: 1 | E70: 1 | F70: 1 | G70: Schedule:Compact | H70: lightingScheduleTypeLimit | I70: 1 | J70: 4
A71: Lighting | B71: Schedules_Lighting_PoliMi_LC.json | C71: LghSch_Costant | D71: 1 | E71: 1 | F71: 1 | G71: Schedule:Compact | H71: lightingScheduleTypeLimit | I71: 55 | J71: 7 | K71: B09: Through: 12/31 , For: AllDays , Until: 07:00 , 0 , Until: 18:00 , 1 , Until: 24:00 , 0 | B10: Through: 12/31 , For: AllDays , Until: 07:00 , 0 , Until: 18:00 , 1 , Until: 24:00 , 0
A72: Heating | B72: Schedules_Heating_PoliMi_LC.json | C72: HtnSch_AHU | D72: 1 | E72: 2 | F72: 1 | G72: Schedule:Compact | H72: availabilityScheduleTypeLimit | I72: 52 | J72: 12 | K72: B09: Through: 4/15 , For: AllDays , Until: 7:00 , 1 , Until: 18:00 , 1 , Until: 24:00 , 1 , Through: 12/31 , For: AllDays , Until: 7:00 , 1 , Until: 18:00 , 1 , Until: 24:00 , 1 | B10: Through: 4/15 , For: AllDays , Until: 7:00 , 1 , Until: 18:00 , 1 , Until: 24:00 , 1 , Through: 12/31 , For: AllDays , Until: 7:00 , 1 , Until: 18:00 , 1 , Until: 24:00 , 1
A73: Cooling | B73: Schedules_Cooling_PoliMi_LC.json | C73: ClnSch_AHU | D73: 2 | E73: 3 | F73: 1 | G73: Schedule:Compact | H73: availabilityScheduleTypeLimit | I73: 52 | J73: 12 | K73: B09: Through: 4/16 , For: AllDays , Until: 24:00 , 1 , Through: 10/14 , For: AllDays , Until: 7:00 , 1 , Until: 18:00 , 1 , Until: 24:00 , 1 , Through: 12/31 , For: AllDays , Until: 24:00 , 1 | B10: Through: 4/16 , For: AllDays , Until: 24:00 , 1 , Through: 10/14 , For: AllDays , Until: 7:00 , 1 , Until: 18:00 , 1 , Until: 24:00 , 1 , Through: 12/31 , For: AllDays , Until: 24:00 , 1
A74: Ventilation | B74: Schedules_Ventilation_PoliMi_LC.json | C74: VntSch_AHU | D74: 1 | E74: 1 | F74: 1 | G74: Schedule:Compact | H74: availabilityScheduleTypeLimit | I74: 52 | J74: 12 | K74: B09: Through: 12/31 , For: AllDays , Until: 7:00 , 1 , Until: 18:00 , 1 , Until: 24:00 , 1 | B10: Through: 12/31 , For: AllDays , Until: 7:00 , 1 , Until: 18:00 , 1 , Until: 24:00 , 1
A75: Equipment | B75: created in notebook | C75: EqpSch_Costant | D75: – | E75: – | F75: 0 | G75: Schedule:Compact | H75: equipmentScheduleTypeLimit | I75: 55 | J75: 6 | K75: B09: Through: 12/31 , For: AllDays , Until: 07:00 , 0 , Until: 18:00 , 1 , Until: 24:00 , 0
A76: Availability | B76: created in notebook | C76: AlwaysOff | D76: – | E76: – | F76: 0 | G76: Schedule:Compact | H76: availabilityScheduleTypeLimit | I76: 57 | J76: 34

Sheet Issues_Questions
A1: ID | B1: Severity | C1: Topic | D1: What the manuscript says | E1: What the code / models do | F1: Evidence | G1: Suggested action | H1: Question for the authors | I1: Resolution / author decision
A2: I01 | B2: High | C2: Table 7 values | D2: Assigned values such as 8.0 W/m² LPD, 5.0/8.0 W/m² EPD, 0.80 pp/m² classrooms, 0.10 pp/m² offices, 120 persons 'Room A1.3', 2.5 h⁻¹, 60/40 % RH, 26/24/20/15 °C, 'Eurocode 1 / Class 3'. | E2: TBIM/IDF: LPD 6 W/m² (7 office); EPD undefined → 0 (baseline), 2/10 W/m² (calibrated); 0.6 pp/m² lecture halls, 0.3 labs, 0.12 office, 0.8 snack bar; RH 70/40 %; temperatures 26/23/23.5/18 °C (not used); wind class A4. | F2: Val_SpaceTypes, Val_Zones | G2: Replace the 'Assigned value' column with Val_SpaceTypes (per occupancy type) and mark which values reach the IDF (Map_Spaces 'In IDF?'). | H2: Where do the current Table 7 values come from (another building, a draft, a standard)? May I replace them with the model values? | I2: Author: replace with model values from the CALIBRATED IDF, reported by E+ zone → see T7_Zones / T7_Grouped.
A3: I02 | B3: High | C3: Table 8 values | D3: Construction names ExtWall_PrefabConcrete_12cmIns / Roof_InsulatedSlab / Floor_GroundSlab; U = 0.28 / 0.22 / 0.30 / 0.95 W/m²K. | E3: Model constructions are WL_POLIMI-LC_EW01–05, FC300-*, IW01–06, FL_POLIMI-LC_*, RF_POLIMI-LC_IH-E with multilayer IFC material sets; U-values are not read from IFC but computed by E+ from layers. | F3: Val_Constructions (U computed), Val_Layers | G3: Rebuild Table 8 as one row per construction: name, category, layers (d, λ, ρ, c), computed U. | H3: Do you want Table 8 per construction (long) or only the envelope types actually exposed to outdoors (EW*, FC*, RF, FL ground)? | I3: Author: list every outer-envelope construction → see T8_Envelope.
A4: I03 | B4: High | C4: Table 9 values | D4: U 1.40, glass U 1.10, SHGC 0.45, VT 0.65, glazing fraction 0.85, 2.80 × 1.50 m, anodised Al with thermal break. | E4: IFC/IDF: U 0.9, SHGC 0.67, VT 0.8 (and 0.58 in B10), glass U 1.1, frame U 0.7, aluminium, glazing fraction 0.8 (not used), double glazing; E+ simple glazing model. | F4: Map_Apertures, Val_Glazing | G4: Replace values; state that only U/SHGC/VT are used (WindowMaterial:SimpleGlazingSystem). | I4: Replaced with model values → see T9_Glazing.
A5: I04 | B5: High | C5: Temperature setpoints | D5: Methods: 'Thermal and humidity control data … including temperature and humidity setpoints' are assigned from IFC to IdealLoads. | E5: Only humidity setpoints are transferred. Thermostat = HB constant 20/26 °C (baseline); calibrated IDFs use hand-edited schedules (B09 15/18 °C heating, 20 °C cooling; B10 18/22 °C heating, 22 °C cooling). TBIM 18–23.5 / 23–26 °C limits are aggregated but never written. | F5: Operation.py:541 HBRoomSetSetpointSchedules; IDF HVACTemplate:Thermostat | G5: Either implement the mapping (pr_SpaceTemperatureWinterMin → heating SP, pr_SpaceTemperatureSummerMax → cooling SP) or correct the text. | H5: Which setpoints should the paper report: TBIM design values or calibrated operating values? | I5: Author: keep the setpoints cited in the paper → T7 reports 20 °C occupied / 15 °C setback heating and 26 °C cooling (Ref_Assumptions C8:C10); calibrated-IDF setpoints kept in T7_Zones columns Y–Z for traceability.
A6: I05 | B6: Medium | C6: Equipment power density | D6: Table 7 gives 5.0/8.0 W/m². | E6: pr_EquipmentPowerDensity = 'Undefined' in every TBIM cell → 0 W/m² in the baseline; calibrated values 2 W/m² (most zones) and 10 W/m² (B10 lecture halls) were typed directly in the IDF. | F6: Val_SpaceTypes, Val_Zones | G6: Document the calibrated values as calibration parameters, not BIM inputs. | I6: Calibrated EPD (2 / 10 W/m²) reported in T7.
A7: I06 | B7: Medium | C7: 'Costant' schedules | D7: – | E7: LghSch_Costant and EqpSch_Costant are 0 all year in the baseline IDF, so lights/equipment in zones using them never switch on; calibration changed them to 1 between 07:00 and 18:00. | F7: Val_Schedules (column K) | G7: Mention in calibration section.
A8: I07 | B8: High | C8: Mechanical ventilation rate units | D8: Table 7: 'given in air changes per hour, h⁻¹'. | E8: Code writes pr_MechanicalVentilationRate / 1000 into Outdoor_Air_Flow_per_Zone_Floor_Area (m³/s·m²), i.e. treats it as L/s·m². Restrooms 8 → 0.008 m³/s·m² (28.8 m³/h·m²). | F8: Map_Spaces S15; scripts/01_bim_to_bem.py ('Mechanical ventilation rate') | G8: Fix unit (ACH → DSOA 'Outdoor_Air_Flow_Air_Changes_per_Hour') or relabel the TBIM property. | H8: Is pr_MechanicalVentilationRate in h⁻¹ or in L/s·m²? | I8: Resolved by comparison with standard rates: pr_MechanicalVentilationRate is an air-change rate (h⁻¹) = N_peak × 7 L/s·p × 3.6 / V_net (e.g. 88 × 25.2 / 421.26 = 5.264 h⁻¹ stored as 5.26421); restrooms 8 h⁻¹ and stairs 1 h⁻¹ are UNI 10339-type extraction rates. The workflow error (h⁻¹ read as L/s·m²) scales by room height / 3.6 m (≈ 1.1 for 3.9–4 m rooms). Superseded in T7 by the EN 16798 values.
A9: I08 | B9: Medium | C9: Zone aggregation bug | D9: Methods: 'aggregation functions are applied to transfer energy-related parameters from cells to zones'. | E9: Utils.TopologicZoneInheritSpaceData computes prevalent schedules (rl_ZoneIsScheduledBy_*) and a volume-weighted ventilation rate, but stores the LAST cell's rl_IsScheduledBy_* and pr_MechanicalVentilationRate instead (Operation.py:170–175). | F9: Operation.py:169–176 | G9: Use pr_ZoneMechanicalVentilationRate and rl_ZoneIsScheduledBy_* in zoneDictValues.
A10: I09 | B10: Medium | C10: Infiltration | D10: Table 7 / methods: 0.30 h⁻¹ baseline infiltration; 'pure infiltration at 0.3 ACH' at night. | E10: ZoneInfiltration:DesignFlowRate, Flow/ExteriorArea = 0.0001 m³/s·m² ('TightBuilding'), schedule 'Generic Office Infiltration' from the HB office program. | F10: Map_Model M09 | G10: Align text or model. | H10: Which value was used for the results in the paper? | I10: Author: EN 16798 / Methods values are the reference → T7 reports 0.30 h⁻¹ (Ref_Assumptions); the repository IDF value is kept for traceability.
A11: I10 | B11: High | C11: Outdoor air | D11: 10 L/s·person + 0.6 L/s·m², EN 16798-1 Cat. II, AHU caps 11 000 / 7 200 m³/h, zero OA at night. | E11: 7 L/s·person (0.007 m³/s), per-area = TBIM rate/1000, method 'Maximum' (not sum), ventilation availability VntSch_AHU 07–18 h (baseline) / always on (calibrated), ideal-loads capacity autosized (no caps). | F11: Map_Spaces S15–S16, S31; Map_Model M07 | G11: Align text or model. | H11: Were the EN 16798 values applied in a later model version not in models/? | I11: Author: keep the values already reported in the paper (10 L/s·p, 0.6 L/s·m², EN 16798-1 Cat. II as stated, 0 OA when unoccupied, AHU caps) → Ref_Assumptions.
A12: I11 | B12: Medium | C12: Doors | D12: Methods: IfcDoorType → HB Door objects. | E12: Doors are converted into glazed HB Apertures with a window construction; HB/E+ Door objects are never created, and only 1 door (B09) / 3 doors (B10) reach the IDF because apertures on curtain-wall or adiabatic faces are discarded. In B09, 23 curtain-wall apertures keep HB 'Generic Double Pane': their TBIM VT is 0.58 but the B09 IFC only defines VT 0.8, so the construction 'curtainWallWindowConstruction_U0.9_SHGC0.67_VT0.58' is never created. Glazing data are read from instance psets, not types. | F12: Map_Apertures A01, Val_Glazing | G12: Correct text or map opaque doors to HB Door + OpaqueConstruction. | H12: Should the 23 B09 curtain-wall panels use the VT 0.58 construction (as in the TBIM) instead of the HB default? | I12: Author: in Table 9 only, the 23 B09 curtain-wall panels are reported with their BIM glazing (U 0.9, SHGC 0.67, VT 0.58); the IDF still uses HB Generic Double Pane.
A13: I12 | B13: Low | C13: Roof construction | D13: – | E13: IfcRoofType carries no material layers; RF_POLIMI-LC_IH-E is typed in the notebook and also used for faces typed RF_POLIMI-LC_INH-E (B09). | F13: Map_Envelope E14 | G13: State this in the text.
A14: I13 | B14: Low | C14: HB defaults with US conventions | D14: – | E14: Holidays 1/1 and 4/7, DST 12/3–5/11, office program (SHW 0.1 L/h·m², seated activity) come from HB defaults. | F14: Map_Model M06, M10, M16 | G14: Set Italian holidays/DST or mention.
A15: I14 | B15: Low | C15: Timestep / run period | D15: – | E15: Baseline IDF timestep 6 (the nb line meant to set 4 is ineffective); calibrated IDF 4. Run period forced to 1/1–31/12/2024 at run time, while the paper's monitoring period is 1/2/2024–31/1/2025. | F15: Map_Model M14–M15 | G15: Report the run period used for calibration. | H15: Which EPW was used for calibration: Lecco_IT-hour.epw (in repo) or the on-site station file described in the paper?
A16: I15 | B16: Low | C16: Exposed interior partitions | D16: – | E16: Cells excluded from the BEM (notUsefullCellUIDs) leave their neighbours' partitions as 'Outdoors' surfaces (e.g. B09: 135 IW03, 21 IW06 faces). | F16: Val_Constructions (Outdoors column) | G16: Mention as a modelling simplification or set them adiabatic.
A17: I16 | B17: Low | C17: Air cavities | D17: – | E17: Ventilated/unventilated cavities are written as massive Material layers (λ 0.285–1.0 W/m·K, ρ 1 kg/m³) instead of Material:AirGap or outer-layer removal. | F17: Val_Layers | G17: Mention or switch to Material:AirGap.
A18: I17 | B18: Low | C18: B09 zoned TBIM | D18: – | E18: DigitMan_Model_POLIMI-Edificio09_Topologic-withZones.json does not match the B09 IDF zones (IDF has zone12-0/1/2, zone50, debugZone0–11 not present in the JSON), so a cell → zone table cannot be rebuilt reliably for B09. | F18: models/ | G18: Re-export the zoned TBIM from the run that produced the IDF. | H18: Do you want a cell → zone membership table added (B10 only, or after re-running B09)? | I18: Author: use E+ zones as reference → T7_Zones is indexed by E+ Zone name; no cell → zone table.
A19: I18 | B19: Medium | C19: Fallback constructions | D19: – | E19: Faces whose type has no thermal layers (WL_VirtualWall, the opaque ≈19 % of curtain-wall faces, FL_VirtualFloor) keep HB defaults; 'Generic Exterior Wall' is then replaced by WL_POLIMI-LC_EW02 (B09: 156 surfaces vs 9 IFC walls of that type) and 'Generic Interior Wall/Floor' stay as HB generic layers (B09: 94 + 360 surfaces). | F19: Val_Constructions (columns E vs L) | G19: Mention in the text; consider an explicit construction for virtual and curtain-wall spandrel faces.
A20: I19 | B20: High | C20: Outdoor air vs AHU capacity | D20: Methods: 10 L/s·p + 0.6 L/s·m², bounded by AHU capacity 7 200 m³/h (B09) and 11 000 m³/h (B10). | E20: With the E+ zone areas and People densities of the calibrated IDFs, design outdoor air (sum of per-person and per-area terms, all ventilated zones at full occupancy) is ≈ 94 500 m³/h for B09 (≈ 13 × AHU capacity) and ≈ 46 100 m³/h for B10 (≈ 4 ×). The AHU cap therefore governs at peak, giving ≈ 0.8 (B09) and ≈ 2.4 (B10) L/s·person effective. | F20: Ref_Assumptions C12:C15 (live); T7_Zones column U | G20: State that the cap binds at peak occupancy, or report the real occupancy / diversity used. | H20: Is the AHU capacity applied to the sum of all zones (one AHU per building) and are design densities (0.6 pp/m² in lecture halls) the intended peak? | I20: Author: keep the values already reported in the paper (no change). AHU check kept in Ref_Assumptions C12:C15 for information.
A21: I20 | B21: Medium | C21: Calibrated setpoints | D21: – | E21: Calibrated IDFs: heating and cooling availability always on; B09 heating 18 °C (07–18 h) / 15 °C, cooling 20 °C all day; B10 heating 22 °C (07–18 h) / 18 °C, cooling 22 °C all day → zero dead-band in occupied hours, so ideal loads may heat and cool in the same day. | F21: T7_Zones columns L–N; Val_Schedules | G21: Confirm these are the intended calibrated setpoints before publishing them in Table 7. | H21: Are the calibrated cooling setpoints (20 °C B09, 22 °C B10) intentional? | I21: Author: Table 7 reports the setpoints cited in the paper; the calibrated IDF values are not reported in the Appendix.
